"vintage_date","target_quarter","target_gdp_growth","target_recession","quarter_end","days_after_quarter_end","release_round"
2014-11-14,"2014-Q3",0.161347516532917,0,2014-09-30,45,1
2014-12-05,"2014-Q3",0.157784383890158,0,2014-09-30,66,2
2015-02-13,"2014-Q4",0.339919441124859,0,2014-12-31,44,1
2015-03-06,"2014-Q4",0.329181186929706,0,2014-12-31,65,2
2015-05-13,"2015-Q1",0.400088126752696,0,2015-03-31,43,1
2015-06-09,"2015-Q1",0.372512835177985,0,2015-03-31,70,2
2015-08-14,"2015-Q2",0.311294865911771,0,2015-06-30,45,1
2015-09-08,"2015-Q2",0.357109033698566,0,2015-06-30,70,2
2015-11-13,"2015-Q3",0.297431404824255,0,2015-09-30,44,1
2015-12-08,"2015-Q3",0.289337307480619,0,2015-09-30,69,2
2016-02-12,"2015-Q4",0.266994092463779,0,2015-12-31,43,1
2016-03-08,"2015-Q4",0.313095314594314,0,2015-12-31,68,2
2016-04-29,"2016-Q1",0.550439179495776,0,2016-03-31,29,1
2016-05-13,"2016-Q1",0.519876299586475,0,2016-03-31,43,2
2016-06-07,"2016-Q1",0.550423273637768,0,2016-03-31,68,3
2016-07-29,"2016-Q2",0.288880405335501,0,2016-06-30,29,1
2016-08-12,"2016-Q2",0.278337515884131,0,2016-06-30,43,2
2016-09-06,"2016-Q2",0.297572811236613,0,2016-06-30,68,3
2016-10-21,"2016-Q2",0.294435130067394,0,2016-06-30,113,4
2016-10-31,"2016-Q3",0.340655549385027,0,2016-09-30,31,1
2016-11-15,"2016-Q3",0.349127179888065,0,2016-09-30,46,2
2016-12-06,"2016-Q3",0.347197889698081,0,2016-09-30,67,3
2017-01-23,"2016-Q3",0.435326819385162,0,2016-09-30,115,4
2017-01-31,"2016-Q4",0.500806818359889,0,2016-12-31,31,1
2017-02-14,"2016-Q4",0.396792597831142,0,2016-12-31,45,2
2017-03-07,"2016-Q4",0.408021635376166,0,2016-12-31,66,3
2017-04-07,"2016-Q4",0.477463845051052,0,2016-12-31,97,4
2017-05-03,"2017-Q1",0.455026922190727,0,2017-03-31,33,1
2017-05-16,"2017-Q1",0.489638017104133,0,2017-03-31,46,2
2017-06-08,"2017-Q1",0.58165735544462,0,2017-03-31,69,3
2017-07-26,"2017-Q1",0.505209182369049,0,2017-03-31,117,4
2017-08-01,"2017-Q2",0.561155338791841,0,2017-06-30,32,1
2017-08-16,"2017-Q2",0.628263645760074,0,2017-06-30,47,2
2017-09-07,"2017-Q2",0.631889506692862,0,2017-06-30,69,3
2017-10-13,"2017-Q2",0.652855081653581,0,2017-06-30,105,4
2017-10-31,"2017-Q3",0.584607521374814,0,2017-09-30,31,1
2017-11-14,"2017-Q3",0.613025474836815,0,2017-09-30,45,2
2017-12-07,"2017-Q3",0.606498909060571,0,2017-09-30,68,3
2018-01-12,"2017-Q3",0.711788541937453,0,2017-09-30,104,4
2018-01-30,"2017-Q4",0.561548325834749,0,2017-12-31,30,1
2018-02-14,"2017-Q4",0.589919975920417,0,2017-12-31,45,2
2018-03-07,"2017-Q4",0.601575486450279,0,2017-12-31,66,3
2018-04-13,"2017-Q4",0.670511491957049,0,2017-12-31,103,4
2018-05-02,"2018-Q1",0.415132402969198,0,2018-03-31,32,1
2018-05-15,"2018-Q1",0.399050936365986,0,2018-03-31,45,2
2018-06-07,"2018-Q1",0.383950204714512,0,2018-03-31,68,3
2018-07-20,"2018-Q1",0.369092744059052,0,2018-03-31,111,4
2018-07-31,"2018-Q2",0.345810840661653,0,2018-06-30,31,1
2018-08-14,"2018-Q2",0.374302532097492,0,2018-06-30,45,2
2018-09-07,"2018-Q2",0.381342490728809,0,2018-06-30,69,3
2018-10-12,"2018-Q2",0.449434417249917,0,2018-06-30,104,4
2018-10-30,"2018-Q3",0.155035219306798,0,2018-09-30,30,1
2018-11-14,"2018-Q3",0.181203767139371,0,2018-09-30,45,2
2018-12-07,"2018-Q3",0.155370153150813,0,2018-09-30,68,3
2019-01-11,"2018-Q4",0.223665793251948,0,2018-12-31,11,1
2019-01-31,"2018-Q4",0.223665793251948,0,2018-12-31,31,2
2019-02-14,"2018-Q4",0.193201647422381,0,2018-12-31,45,3
2019-03-07,"2018-Q4",0.216386049519013,0,2018-12-31,66,4
2019-04-12,"2018-Q4",0.219653630270744,0,2018-12-31,102,5
2019-04-30,"2019-Q1",0.379021793109668,0,2019-03-31,30,1
2019-05-15,"2019-Q1",0.40374193786652,0,2019-03-31,45,2
2019-06-06,"2019-Q1",0.392671680150469,0,2019-03-31,67,3
2019-07-19,"2019-Q1",0.449167576438714,0,2019-03-31,110,4
2019-07-31,"2019-Q2",0.201955271487564,0,2019-06-30,31,1
2019-08-14,"2019-Q2",0.193425099766009,0,2019-06-30,45,2
2019-09-06,"2019-Q2",0.200095875545925,0,2019-06-30,68,3
2019-10-21,"2019-Q2",0.188926837591241,0,2019-06-30,113,4
2019-10-31,"2019-Q3",0.187312709607412,0,2019-09-30,31,1
2019-11-14,"2019-Q3",0.216410026519087,0,2019-09-30,45,2
2019-12-05,"2019-Q3",0.23466512532877,0,2019-09-30,66,3
2020-01-20,"2019-Q3",0.273847760057278,0,2019-09-30,112,4
2020-01-31,"2019-Q4",0.0936784108774846,0,2019-12-31,31,1
2020-02-14,"2019-Q4",0.0587644873763615,0,2019-12-31,45,2
2020-03-10,"2019-Q4",0.114119025508685,0,2019-12-31,70,3
2020-04-20,"2019-Q4",0.108573940394119,0,2019-12-31,111,4
2020-04-30,"2020-Q1",-3.8263313068439,0,2020-03-31,30,1
2020-05-15,"2020-Q1",-3.75062728183044,0,2020-03-31,45,2
2020-06-09,"2020-Q1",-3.58666676366269,0,2020-03-31,70,3
2020-07-20,"2020-Q1",-3.58471153347347,0,2020-03-31,111,4
2020-07-31,"2020-Q2",-12.109411715062,1,2020-06-30,31,1
2020-08-14,"2020-Q2",-12.082668614474,1,2020-06-30,45,2
2020-09-08,"2020-Q2",-11.7694202865504,1,2020-06-30,70,3
2020-10-19,"2020-Q2",-11.7967804960236,1,2020-06-30,111,4
2020-10-30,"2020-Q3",12.6660574461363,0,2020-09-30,30,1
2020-11-13,"2020-Q3",12.5533644967575,0,2020-09-30,44,2
2020-12-08,"2020-Q3",12.4706744226982,0,2020-09-30,69,3
2021-01-18,"2020-Q3",12.44335510165,0,2020-09-30,110,4
2021-02-02,"2020-Q4",-0.6975762600686,0,2020-12-31,33,1
2021-02-16,"2020-Q4",-0.612322858007219,0,2020-12-31,47,2
2021-03-09,"2020-Q4",-0.653728128516973,0,2020-12-31,68,3
2021-04-19,"2020-Q4",-0.687882167018539,0,2020-12-31,109,4
2021-04-30,"2021-Q1",-0.622965997487668,1,2021-03-31,30,1
2021-05-18,"2021-Q1",-0.619514897785411,1,2021-03-31,48,2
2021-06-08,"2021-Q1",-0.333403159168566,1,2021-03-31,69,3
2021-07-19,"2021-Q1",-0.315657169944106,1,2021-03-31,110,4
2021-07-30,"2021-Q2",2.02472249889989,0,2021-06-30,30,1
2021-08-17,"2021-Q2",2.00065745496101,0,2021-06-30,48,2
2021-09-07,"2021-Q2",2.22833125992363,0,2021-06-30,69,3
2021-10-18,"2021-Q2",2.10218861071161,0,2021-06-30,110,4
2021-10-29,"2021-Q3",2.21131984239484,0,2021-09-30,29,1
2021-11-16,"2021-Q3",2.23869670228227,0,2021-09-30,47,2
2021-12-07,"2021-Q3",2.19371323175721,0,2021-09-30,68,3
2022-01-19,"2021-Q3",2.26490107325792,0,2021-09-30,111,4
2022-01-31,"2021-Q4",0.294475667231042,0,2021-12-31,31,1
2022-02-15,"2021-Q4",0.289713726441998,0,2021-12-31,46,2
2022-03-08,"2021-Q4",0.257307562236053,0,2021-12-31,67,3
2022-04-20,"2021-Q4",0.29093015225039,0,2021-12-31,110,4
2022-04-29,"2022-Q1",0.189101044030071,0,2022-03-31,29,1
2022-05-17,"2022-Q1",0.268024012877,0,2022-03-31,47,2
2022-06-08,"2022-Q1",0.624351948933288,0,2022-03-31,69,3
2022-07-20,"2022-Q1",0.498050301288511,0,2022-03-31,111,4
2022-07-29,"2022-Q2",0.688445751946043,0,2022-06-30,29,1
2022-08-17,"2022-Q2",0.627958977658105,0,2022-06-30,48,2
2022-09-07,"2022-Q2",0.771451866171513,0,2022-06-30,69,3
2022-10-19,"2022-Q2",0.8214262533913,0,2022-06-30,111,4
2022-10-31,"2022-Q3",0.183985314769308,0,2022-09-30,31,1
2022-11-15,"2022-Q3",0.187404188345952,0,2022-09-30,46,2
2022-12-07,"2022-Q3",0.318414965142844,0,2022-09-30,68,3
2023-01-19,"2022-Q3",0.302743043976306,0,2022-09-30,111,4
2023-01-31,"2022-Q4",0.118371541953111,0,2022-12-31,31,1
2023-02-14,"2022-Q4",0.107628432550744,0,2022-12-31,45,2
2023-03-08,"2022-Q4",-0.031899065586749,0,2022-12-31,67,3
2023-04-20,"2022-Q4",-0.0536492757505447,0,2022-12-31,110,4
2023-04-28,"2023-Q1",0.0842817863045298,0,2023-03-31,28,1
2023-05-16,"2023-Q1",0.0688083457216271,0,2023-03-31,46,2
2023-06-08,"2023-Q1",-0.0919661947445194,1,2023-03-31,69,3
2023-07-20,"2023-Q1",0.0147195282214518,0,2023-03-31,111,4
2023-07-31,"2023-Q2",0.270638549048652,0,2023-06-30,31,1
2023-08-16,"2023-Q2",0.258821488604233,0,2023-06-30,47,2
2023-09-07,"2023-Q2",0.13071600325707,0,2023-06-30,69,3
2023-10-19,"2023-Q2",0.156076527528271,0,2023-06-30,111,4
2023-10-31,"2023-Q3",-0.0918824974039389,0,2023-09-30,31,1
2023-11-14,"2023-Q3",-0.0624573255069039,0,2023-09-30,45,2
2023-12-07,"2023-Q3",-0.112976574121815,0,2023-09-30,68,3
2024-01-19,"2023-Q3",-0.123177644078154,0,2023-09-30,111,4
2024-01-30,"2023-Q4",0.0305406435469724,0,2023-12-31,30,1
2024-02-14,"2023-Q4",0.0403175524396504,0,2023-12-31,45,2
2024-03-08,"2023-Q4",-0.0470571301240397,1,2023-12-31,68,3
2024-04-19,"2023-Q4",-0.053201805672487,1,2023-12-31,110,4
2024-04-30,"2024-Q1",0.332716560251933,0,2024-03-31,30,1
2024-05-15,"2024-Q1",0.325586446042947,0,2024-03-31,45,2
2024-06-07,"2024-Q1",0.313043654519984,0,2024-03-31,68,3
2024-07-19,"2024-Q1",0.281563707875421,0,2024-03-31,110,4
2024-07-31,"2024-Q2",0.258560797349605,0,2024-06-30,31,1
2024-08-14,"2024-Q2",0.302079513185083,0,2024-06-30,45,2
2024-09-06,"2024-Q2",0.19092841910191,0,2024-06-30,68,3
2024-10-18,"2024-Q2",0.189295919419186,0,2024-06-30,110,4
2024-10-30,"2024-Q3",0.37438320998171,0,2024-09-30,30,1
2024-11-14,"2024-Q3",0.378657935399551,0,2024-09-30,45,2
2024-12-06,"2024-Q3",0.410033697253454,0,2024-09-30,67,3
2025-01-20,"2024-Q3",0.408507288929139,0,2024-09-30,112,4
2025-01-30,"2024-Q4",0.0291195333180783,0,2024-12-31,30,1
2025-02-14,"2024-Q4",0.0508084334290393,0,2024-12-31,45,2
2025-03-07,"2024-Q4",0.234869723030617,0,2024-12-31,66,3
2025-04-16,"2024-Q4",0.244227883666315,0,2024-12-31,106,4
2025-05-15,"2025-Q1",0.329788374059836,0,2025-03-31,45,1
2025-06-06,"2025-Q1",0.617134222173332,0,2025-03-31,67,2
2025-07-21,"2025-Q1",0.572126602857015,0,2025-03-31,112,3
2025-07-30,"2025-Q2",0.105334499843912,0,2025-06-30,30,1
2025-08-14,"2025-Q2",0.115998467436595,0,2025-06-30,45,2
2025-09-05,"2025-Q2",0.119228155485773,0,2025-06-30,67,3
2025-10-20,"2025-Q2",0.127137368190544,0,2025-06-30,112,4
2025-10-30,"2025-Q3",0.222079001285702,0,2025-09-30,30,1
2025-11-14,"2025-Q3",0.234512053682479,0,2025-09-30,45,2
2025-12-05,"2025-Q3",0.263381858430667,0,2025-09-30,66,3
2026-01-20,"2025-Q3",0.269117004373065,0,2025-09-30,112,4
2026-01-30,"2025-Q4",0.334193031029573,0,2025-12-31,30,1
2026-02-13,"2025-Q4",0.346644912276917,0,2025-12-31,44,2
2026-03-06,"2025-Q4",0.195586480385535,0,2025-12-31,65,3
2026-04-20,"2025-Q4",0.199426928422852,0,2025-12-31,110,4
2026-05-13,"2026-Q1",0.145795873349397,0,2026-03-31,43,1
