"quarter","latest_vintage_date","gdp_growth_latest","recession_latest","ciss_latest","pmi_latest","ciss_last_date_latest","pmi_last_release_date_latest","pmi_months_available_latest","prob_recession_latest","lower_95_latest","upper_95_latest","real_time_vintage_date","real_time_release_round","days_after_quarter_end","gdp_growth_real_time","recession_real_time","ciss_real_time","pmi_real_time","ciss_last_date_real_time","pmi_last_release_date_real_time","pmi_months_available_real_time","training_observations_real_time","training_recessions_real_time","prob_recession_real_time","lower_95_real_time","upper_95_real_time","growth_revision","classification_revised","probability_revision","absolute_probability_revision"
"1998-Q3",2026-05-13,0.527894548468266,0,0.108029757575758,55.8666666666667,1998-09-30,1998-09-26,3,0.00504811455530574,0.000208267209421569,0.0219886104528991,,,,,,,,,,,,,,,,,,,
"1998-Q4",2026-05-13,0.303446562507492,0,0.259969,52.3333333333333,1998-12-31,1998-12-26,3,0.0294493217766258,0.00403647369311404,0.0851535165582134,,,,,,,,,,,,,,,,,,,
"1999-Q1",2026-05-13,1.00143379713413,0,0.135954483259366,52.4,1999-03-31,1999-03-26,3,0.025554814603459,0.00433999400623429,0.0685217819260653,,,,,,,,,,,,,,,,,,,
"1999-Q2",2026-05-13,0.480708739656488,0,0.0500497832122544,55.1333333333333,1999-06-30,1999-06-26,3,0.00670275487179604,0.000380484607005308,0.0262919143962957,,,,,,,,,,,,,,,,,,,
"1999-Q3",2026-05-13,1.31199153485897,0,0.163196959413004,58.3333333333333,1999-09-30,1999-09-26,3,0.00196396273649082,2.30057178549846e-05,0.01090327831872,,,,,,,,,,,,,,,,,,,
"1999-Q4",2026-05-13,1.05991304351936,0,0.185673824672592,59.9666666666667,1999-12-31,1999-12-26,3,0.00111036783679161,5.53732052675477e-06,0.00682188570618853,,,,,,,,,,,,,,,,,,,
"2000-Q1",2026-05-13,1.27816692528053,0,0.187231301597962,59.7,2000-03-31,2000-03-26,3,0.001225392136493,6.92629590844707e-06,0.00737908177418344,,,,,,,,,,,,,,,,,,,
"2000-Q2",2026-05-13,0.905532566982203,0,0.270015671518326,61.7666666666667,2000-06-30,2000-06-26,3,0.000714648745471141,9.67998476625033e-07,0.00496698865621898,,,,,,,,,,,,,,,,,,,
"2000-Q3",2026-05-13,0.672246359065909,0,0.139376360370429,60.0333333333333,2000-09-29,2000-09-26,3,0.00100379431195645,5.04411610217808e-06,0.00628903252209393,,,,,,,,,,,,,,,,,,,
"2000-Q4",2026-05-13,0.475107578673373,0,0.21526873917178,56.6,2000-12-29,2000-12-26,3,0.00422540831357573,0.000104744556541484,0.0197644715561126,,,,,,,,,,,,,,,,,,,
"2001-Q1",2026-05-13,1.10102192695398,0,0.214464148871117,54.1666666666667,2001-03-30,2001-03-26,3,0.0119841843295291,0.000941028087688189,0.043434761880501,,,,,,,,,,,,,,,,,,,
"2001-Q2",2026-05-13,0.0447517888908733,0,0.224594371530455,51.6,2001-06-29,2001-06-26,3,0.0403075198361114,0.00795763253571349,0.101239816933959,,,,,,,,,,,,,,,,,,,
"2001-Q3",2026-05-13,0.21236907497213,0,0.166768892052641,49.8,2001-09-28,2001-09-26,3,0.0945528902991928,0.0330263044863967,0.184334152306003,,,,,,,,,,,,,,,,,,,
"2001-Q4",2026-05-13,-0.0554168893680762,0,0.177355048413404,46.4333333333333,2001-12-31,2001-12-26,3,0.408893388392262,0.16971324979044,0.674251580750878,,,,,,,,,,,,,,,,,,,
"2002-Q1",2026-05-13,0.225114545518323,0,0.0990823357470997,51.4666666666667,2002-03-29,2002-03-26,3,0.0399452128308324,0.008918427362222,0.0967766773088897,,,,,,,,,,,,,,,,,,,
"2002-Q2",2026-05-13,0.465083124456878,0,0.0455625164710321,53.1,2002-06-28,2002-06-26,3,0.0174769685749204,0.00215105518167476,0.052230864630023,,,,,,,,,,,,,,,,,,,
"2002-Q3",2026-05-13,0.459880145578606,0,0.119179424104307,51.2,2002-09-30,2002-09-26,3,0.0459824712233233,0.0113073728621474,0.107895393808024,,,,,,,,,,,,,,,,,,,
"2002-Q4",2026-05-13,0.186471650707931,0,0.137036904603903,50.7,2002-12-31,2002-12-26,3,0.059534445477997,0.0166900506118884,0.132707038171628,,,,,,,,,,,,,,,,,,,
"2003-Q1",2026-05-13,-0.27038219352854,0,0.130463123713317,49.7333333333333,2003-03-31,2003-03-26,3,0.0966532759842206,0.0323695780210988,0.194305300580404,,,,,,,,,,,,,,,,,,,
"2003-Q2",2026-05-13,0.0513562855317229,0,0.136865956030598,48.2666666666667,2003-06-30,2003-06-26,3,0.196583502768576,0.0749511686083883,0.360569056075527,,,,,,,,,,,,,,,,,,,
"2003-Q3",2026-05-13,0.651132503867524,0,0.0554695993662738,51.2666666666667,2003-09-30,2003-09-26,3,0.0438672658250751,0.00919198917654707,0.110893303953138,,,,,,,,,,,,,,,,,,,
"2003-Q4",2026-05-13,0.639856929113747,0,0.0403070996717277,55.6333333333333,2003-12-31,2003-12-26,3,0.00532195288220602,0.000246794925689785,0.0224708837503151,,,,,,,,,,,,,,,,,,,
"2004-Q1",2026-05-13,0.518370519983424,0,0.0193864267536359,55.3666666666667,2004-03-31,2004-03-26,3,0.00594057261465089,0.000297161719170369,0.0239878629405799,,,,,,,,,,,,,,,,,,,
"2004-Q2",2026-05-13,0.62254034044058,0,0.0293266633865033,55.5,2004-06-30,2004-06-26,3,0.00561790789287228,0.000267339260064289,0.0229533159502257,,,,,,,,,,,,,,,,,,,
"2004-Q3",2026-05-13,0.22495378450802,0,0.051034824333343,54.9666666666667,2004-09-30,2004-09-26,3,0.00723555589955448,0.000441896192606254,0.0276153912557488,,,,,,,,,,,,,,,,,,,
"2004-Q4",2026-05-13,0.444912863187907,0,0.0315937514388749,52.6333333333333,2004-12-31,2004-12-26,3,0.0219514328050411,0.00311611178554014,0.0624177783293209,,,,,,,,,,,,,,,,,,,
"2005-Q1",2026-05-13,0.269891416475909,0,0.0286379660034678,53,2005-03-31,2005-03-26,3,0.0182963118522513,0.00230279444067633,0.0545335577075427,,,,,,,,,,,,,,,,,,,
"2005-Q2",2026-05-13,0.616725876759672,0,0.0399227790981491,52.0666666666667,2005-06-30,2005-06-26,3,0.0291895496681516,0.00483865419383367,0.0783807261613828,,,,,,,,,,,,,,,,,,,
"2005-Q3",2026-05-13,0.744640432452526,0,0.0303397985648732,53.4333333333333,2005-09-30,2005-09-26,3,0.0148029988481638,0.00160028619670875,0.0463373880959481,,,,,,,,,,,,,,,,,,,
"2005-Q4",2026-05-13,0.697829494921653,0,0.0165046467752521,55.4,2005-12-30,2005-12-26,3,0.00584429762541812,0.000287369553419863,0.0237792238163237,,,,,,,,,,,,,,,,,,,
"2006-Q1",2026-05-13,0.942524998224581,0,0.0269459682740681,57.6,2006-03-31,2006-03-26,3,0.00226144173979018,4.36693246559156e-05,0.0121993297674423,,,,,,,,,,,,,,,,,,,
"2006-Q2",2026-05-13,1.09992664853515,0,0.0419565124116522,59.3666666666667,2006-06-30,2006-06-26,3,0.00113280071268693,9.82015790589478e-06,0.00689300989477948,,,,,,,,,,,,,,,,,,,
"2006-Q3",2026-05-13,0.54494088632866,0,0.0248967089929023,57.8666666666667,2006-09-29,2006-09-26,3,0.00202268371413148,3.44029975051301e-05,0.0110532466061274,,,,,,,,,,,,,,,,,,,
"2006-Q4",2026-05-13,1.16940652119666,0,0.00654996093734031,57.4666666666667,2006-12-29,2006-12-26,3,0.0023571449950883,4.87449700807598e-05,0.012639496784831,,,,,,,,,,,,,,,,,,,
"2007-Q1",2026-05-13,0.700389157321291,0,0.0303958565839606,57.5333333333333,2007-03-30,2007-03-26,3,0.0023309520729361,4.65972964957893e-05,0.0125033115340523,,,,,,,,,,,,,,,,,,,
"2007-Q2",2026-05-13,0.671767026981951,0,0.00689482675996685,57.1666666666667,2007-06-29,2007-06-26,3,0.00267596749421597,6.37469396793458e-05,0.0138313632781353,,,,,,,,,,,,,,,,,,,
"2007-Q3",2026-05-13,0.38617287274354,0,0.152461391544887,56.5333333333333,2007-09-28,2007-09-26,3,0.00398581289891859,0.000115494955114661,0.0190721881142931,,,,,,,,,,,,,,,,,,,
"2007-Q4",2026-05-13,0.508341050968353,0,0.167653341561399,54.0333333333333,2007-12-31,2007-12-26,3,0.0120968206185282,0.00105933345392513,0.0416501625426693,,,,,,,,,,,,,,,,,,,
"2008-Q1",2026-05-13,0.641938527679087,0,0.429018701931111,52.1333333333333,2008-03-31,2008-03-26,3,0.0417097200881296,0.00312591816892933,0.154173174048259,,,,,,,,,,,,,,,,,,,
"2008-Q2",2026-05-13,-0.488552541263909,0,0.341197172882941,50.7666666666667,2008-06-30,2008-06-26,3,0.0681439637282998,0.01267924120832,0.174733291180267,,,,,,,,,,,,,,,,,,,
"2008-Q3",2026-05-13,-0.545272975863109,1,0.396136097023361,47.6333333333333,2008-09-30,2008-09-26,3,0.287373829608409,0.098207988544144,0.539998179194244,,,,,,,,,,,,,,,,,,,
"2008-Q4",2026-05-13,-1.72198635030273,1,0.900654255991352,40.2333333333333,2008-12-31,2008-12-26,3,0.925830752490646,0.585723111277616,0.999155526652733,,,,,,,,,,,,,,,,,,,
"2009-Q1",2026-05-13,-3.06501042136363,1,0.856287651668829,37.6,2009-03-31,2009-03-26,3,0.975771993900716,0.830636984010098,0.999874153371021,,,,,,,,,,,,,,,,,,,
"2009-Q2",2026-05-13,0.0029292063414621,0,0.630239149763181,43.2333333333333,2009-06-30,2009-06-26,3,0.795364581708,0.401587573048223,0.981487314974349,,,,,,,,,,,,,,,,,,,
"2009-Q3",2026-05-13,0.35773556748504,0,0.390394442865016,49.5,2009-09-30,2009-09-26,3,0.129769244748198,0.0288703403537122,0.307036831417756,,,,,,,,,,,,,,,,,,,
"2009-Q4",2026-05-13,0.443551936290976,0,0.334576736398091,53.6333333333333,2009-12-31,2009-12-26,3,0.0181172157215462,0.00118969495250752,0.0691625189631396,,,,,,,,,,,,,,,,,,,
"2010-Q1",2026-05-13,0.390780800145829,0,0.203744641986708,54.4333333333333,2010-03-31,2010-03-26,3,0.0104985974455455,0.000746544584540456,0.0385610785205392,,,,,,,,,,,,,,,,,,,
"2010-Q2",2026-05-13,0.930919346442005,0,0.392883117665418,56.5666666666667,2010-06-30,2010-06-26,3,0.00602969283223129,7.81917437486775e-05,0.0338193866393085,,,,,,,,,,,,,,,,,,,
"2010-Q3",2026-05-13,0.443693431571379,0,0.399729474237953,55.6666666666667,2010-09-30,2010-09-26,3,0.00874410566799627,0.000171480607523809,0.0445578127720798,,,,,,,,,,,,,,,,,,,
"2010-Q4",2026-05-13,0.593409783269339,0,0.308535515839103,54.9333333333333,2010-12-31,2010-12-26,3,0.00986020924135221,0.000433014946604176,0.0421074582389026,,,,,,,,,,,,,,,,,,,
"2011-Q1",2026-05-13,0.950557519376805,0,0.20429687961146,57.6,2011-03-31,2011-03-26,3,0.00278270604193795,4.42351928810288e-05,0.0142805201635766,,,,,,,,,,,,,,,,,,,
"2011-Q2",2026-05-13,-0.00764652222046136,0,0.278044127154962,55.6333333333333,2011-06-30,2011-06-26,3,0.00696683881269584,0.000247531806599208,0.0315223504671334,,,,,,,,,,,,,,,,,,,
"2011-Q3",2026-05-13,0.0174284962289661,0,0.524842434612725,50.3,2011-09-30,2011-09-26,3,0.109423694345534,0.00963364965772259,0.361498728800884,,,,,,,,,,,,,,,,,,,
"2011-Q4",2026-05-13,-0.303422579782575,0,0.585703317751044,47.2666666666667,2011-12-30,2011-12-26,3,0.363104181168458,0.0666896489972366,0.766008621596685,,,,,,,,,,,,,,,,,,,
"2012-Q1",2026-05-13,-0.243215715865075,1,0.372439248409914,49.6,2012-03-30,2012-03-26,3,0.121619647299372,0.0283987287171511,0.283381241426244,,,,,,,,,,,,,,,,,,,
"2012-Q2",2026-05-13,-0.360696204036137,1,0.313818035781563,46.3666666666667,2012-06-29,2012-06-26,3,0.43235072831457,0.207650602518215,0.69620620644713,,,,,,,,,,,,,,,,,,,
"2012-Q3",2026-05-13,-0.131097702904115,1,0.287867321451241,46.3,2012-09-28,2012-09-26,3,0.438177743414513,0.211375305431358,0.698269736533801,,,,,,,,,,,,,,,,,,,
"2012-Q4",2026-05-13,-0.431458190722533,1,0.0984904237116712,46.4666666666667,2012-12-31,2012-12-26,3,0.398407220470967,0.136343305904247,0.696043972621331,,,,,,,,,,,,,,,,,,,
"2013-Q1",2026-05-13,-0.329924536945136,1,0.0838136550334725,47.6666666666667,2013-03-29,2013-03-26,3,0.254442295725945,0.0853207719568352,0.485782423841814,,,,,,,,,,,,,,,,,,,
"2013-Q2",2026-05-13,0.655145462189743,0,0.067058705130833,47.7666666666667,2013-06-28,2013-06-26,3,0.243773662007979,0.0768643976139111,0.473807362102149,,,,,,,,,,,,,,,,,,,
"2013-Q3",2026-05-13,0.296362390799332,0,0.0374661467073727,51.4,2013-09-30,2013-09-26,3,0.0409567589377669,0.00784303367353074,0.106208021421732,,,,,,,,,,,,,,,,,,,
"2013-Q4",2026-05-13,0.208465102177469,0,0.0146982261394656,51.9,2013-12-31,2013-12-26,3,0.0317525555931015,0.00506009094811625,0.0889769081484894,,,,,,,,,,,,,,,,,,,
"2014-Q1",2026-05-13,0.469194710234899,0,0.0168473033687474,53.1,2014-03-31,2014-03-26,3,0.0173903173592454,0.00208561767567759,0.0529966350905094,,,,,,,,,,,,,,,,,,,
"2014-Q2",2026-05-13,0.23486334231877,0,0.00474048524064456,53.4333333333333,2014-06-30,2014-06-26,3,0.0147463316955747,0.00157219076821603,0.0469689222255617,,,,,,,,,,,,,,,,,,,
"2014-Q3",2026-05-13,0.486307050416857,0,0.0129784056448137,52.7666666666667,2014-09-30,2014-09-26,3,0.0205105612179872,0.00268467465274974,0.0599139073754579,2014-11-14,1,45,0.161347516532917,0,0.0129784056448137,52.7666666666667,2014-09-30,2014-09-26,3,64,10,0.0108992618914578,0.000198440701699123,0.0513018220919045,0.324959533883939,FALSE,0.00961129932652935,0.00961129932652935
"2014-Q4",2026-05-13,0.37553206797718,0,0.0232098560842145,51.5333333333333,2014-12-31,2014-12-26,3,0.0382728635867964,0.00682025497872918,0.101908314272112,2015-02-13,1,44,0.339919441124859,0,0.0232098560842145,51.5333333333333,2014-12-31,2014-12-26,3,65,9,0.0404948163869879,0.00278685913859676,0.132502026867106,0.0356126268523216,FALSE,-0.00222195280019145,0.00222195280019145
"2015-Q1",2026-05-13,0.7545053724757,0,0.0873537673818193,53.3,2015-03-31,2015-03-26,3,0.0161018525844312,0.00194705294707914,0.0494715474450825,2015-05-13,1,43,0.400088126752696,0,0.0873537673818193,53.3,2015-03-31,2015-03-26,3,66,10,0.0102020264803121,0.000284697924519214,0.0490640089423517,0.354417245723004,FALSE,0.00589982610411911,0.00589982610411911
"2015-Q2",2026-05-13,0.422057492505568,0,0.120130703562686,53.9,2015-06-30,2015-06-26,3,0.0123595311391408,0.00119373596430713,0.0412265956717843,2015-08-14,1,45,0.311294865911771,0,0.120130703562686,53.9,2015-06-30,2015-06-26,3,67,10,0.00713095861427954,0.000212237823394353,0.032655723127194,0.110762626593797,FALSE,0.00522857252486128,0.00522857252486128
"2015-Q3",2026-05-13,0.430324989385267,0,0.237167245956238,53.9333333333333,2015-09-30,2015-09-26,3,0.0136943666563034,0.0010918611311691,0.0488578047588466,2015-11-13,1,44,0.297431404824255,0,0.237167245956238,53.9333333333333,2015-09-30,2015-09-26,3,68,10,0.0122500001386641,0.000412329122904176,0.056570972798914,0.132893584561011,FALSE,0.00144436651763932,0.00144436651763932
"2015-Q4",2026-05-13,0.491151883917373,0,0.221323201714759,54.1333333333333,2015-12-31,2015-12-26,3,0.0122678957272294,0.000962174693523674,0.0444980591767636,2016-02-12,1,43,0.266994092463779,0,0.221323201714759,54.1333333333333,2015-12-31,2015-12-26,3,69,11,0.013723054235659,0.000432014572589237,0.0588487913205576,0.224157791453594,FALSE,-0.00145515850842961,0.00145515850842961
"2016-Q1",2026-05-13,0.479210045123035,0,0.27328894299173,53.2333333333333,2016-03-31,2016-03-26,3,0.0197334703707293,0.00188820696827165,0.0645030730064656,2016-04-29,1,29,0.550439179495776,0,0.27328894299173,53.2333333333333,2016-03-31,2016-03-26,3,70,11,0.0355886547149932,0.00178107228168609,0.126538141813995,-0.0712291343727411,FALSE,-0.0158551843442639,0.0158551843442639
"2016-Q2",2026-05-13,0.191990049438551,0,0.210287844889508,53.0666666666667,2016-06-30,2016-06-26,3,0.0197524493220728,0.0023965738012168,0.0603791361360333,2016-07-29,1,29,0.288880405335501,0,0.210287844889508,53.0666666666667,2016-06-30,2016-06-26,3,71,9,0.0160793291722527,0.000969316913826222,0.0626698412549909,-0.0968903558969503,FALSE,0.00367312014982002,0.00367312014982002
"2016-Q3",2026-05-13,0.481545342098788,0,0.245755884140925,52.9,2016-09-30,2016-09-26,3,0.0222124405321137,0.00259511571802677,0.0682026648037945,2016-10-31,1,31,0.340655549385027,0,0.245755884140925,52.9,2016-09-30,2016-09-26,3,72,9,0.0196204871364491,0.00146063553549116,0.0704288808980338,0.140889792713761,FALSE,0.00259195339566461,0.00259195339566461
"2016-Q4",2026-05-13,0.766637459812269,0,0.165204716101735,53.8666666666667,2016-12-30,2016-12-26,3,0.0130287820498303,0.00125658485977966,0.0436319877963888,2017-01-31,1,31,0.500806818359889,0,0.165204716101735,53.8666666666667,2016-12-30,2016-12-26,3,73,9,0.00999567185191613,0.000348768220207859,0.042570502348932,0.26583064145238,FALSE,0.00303311019791416,0.00303311019791416
"2017-Q1",2026-05-13,0.80964268302306,0,0.0922248121054968,55.6,2017-03-31,2017-03-26,3,0.00559585690896233,0.0002650884512802,0.0241188964724954,2017-05-03,1,33,0.455026922190727,0,0.0922248121054968,55.6,2017-03-31,2017-03-26,3,74,9,0.00292879415927958,2.88324784547577e-05,0.0156445716603981,0.354615760832333,FALSE,0.00266706274968275,0.00266706274968275
"2017-Q2",2026-05-13,0.662623624496916,0,0.0368645976749952,56.6333333333333,2017-06-30,2017-06-26,3,0.00342561635066761,0.000101624215675499,0.0168115333815434,2017-08-01,1,32,0.561155338791841,0,0.0368645976749952,56.6333333333333,2017-06-30,2017-06-26,3,75,9,0.0015027590446194,8.09294945563553e-06,0.00934070622068961,0.101468285705075,FALSE,0.00192285730604821,0.00192285730604821
"2017-Q3",2026-05-13,0.732711194222113,0,0.0069620055242479,56.0333333333333,2017-09-29,2017-09-26,3,0.0043789310907997,0.000169955143354473,0.0194400020043647,2017-10-31,1,31,0.584607521374814,0,0.0069620055242479,56.0333333333333,2017-09-29,2017-09-26,3,76,9,0.00227451383765054,1.60916626941745e-05,0.0115460315550172,0.1481036728473,FALSE,0.00210441725314917,0.00210441725314917
"2017-Q4",2026-05-13,0.814408622685425,0,0.00476465518677911,57.2,2017-12-29,2017-12-26,3,0.00263501276289783,6.19750552446903e-05,0.0137137931655982,2018-01-30,1,30,0.561548325834749,0,0.00476465518677911,57.2,2017-12-29,2017-12-26,3,77,9,0.00108908940487523,3.38543014660255e-06,0.00629919187605399,0.252860296850677,FALSE,0.00154592335802261,0.00154592335802261
"2018-Q1",2026-05-13,0.0409127033575984,0,0.0145863623524315,57.0333333333333,2018-03-30,2018-03-26,3,0.00284541355219232,7.15694495697805e-05,0.014574107007718,2018-05-02,1,32,0.415132402969198,0,0.0145863623524315,57.0333333333333,2018-03-30,2018-03-26,3,78,9,0.00125297629002773,3.76739608128146e-06,0.00712596810589626,-0.3742196996116,FALSE,0.00159243726216459,0.00159243726216459
"2018-Q2",2026-05-13,0.511935479532455,0,0.0306091998780336,54.7,2018-06-29,2018-06-26,3,0.0081064638146622,0.000545567963932113,0.0301563995587735,2018-07-31,1,31,0.345810840661653,0,0.0306091998780336,54.7,2018-06-29,2018-06-26,3,79,9,0.00473526635288527,7.8124606313419e-05,0.0221314813739743,0.166124638870802,FALSE,0.00337119746177693,0.00337119746177693
"2018-Q3",2026-05-13,0.0768201563595916,0,0.019197643504814,54.3,2018-09-28,2018-09-26,3,0.00974186209404566,0.000751914650822896,0.0331969234145385,2018-10-30,1,30,0.155035219306798,0,0.019197643504814,54.3,2018-09-28,2018-09-26,3,80,10,0.00312966367932412,2.50408781403157e-05,0.0183478295394012,-0.0782150629472067,FALSE,0.00661219841472155,0.00661219841472155
"2018-Q4",2026-05-13,0.541002191115769,0,0.124687573670441,52.3,2018-12-31,2018-12-26,3,0.0266673081444369,0.00456050391572027,0.0713027054657334,2019-01-11,1,11,0.223665793251948,0,0.124687573670441,52.3,2018-12-31,2018-12-26,3,81,9,0.021860030241906,0.00157327168214006,0.0724875393806867,0.317336397863821,FALSE,0.0048072779025309,0.0048072779025309
"2019-Q1",2026-05-13,0.721903869166884,0,0.0959534018788262,51.5,2019-03-29,2019-03-26,3,0.0392449304449139,0.00860816868314077,0.0951587074028321,2019-04-30,1,30,0.379021793109668,0,0.0959534018788262,51.5,2019-03-29,2019-03-26,3,82,10,0.0263145348670533,0.00189902914700427,0.0964426954656194,0.342882076057216,FALSE,0.0129303955778606,0.0129303955778606
"2019-Q2",2026-05-13,0.361133978430539,0,0.0465073686265079,51.8333333333333,2019-06-28,2019-06-26,3,0.0328620677900777,0.00588865582689027,0.0874605393086854,2019-07-31,1,31,0.201955271487564,0,0.0465073686265079,51.8333333333333,2019-06-28,2019-06-26,3,83,10,0.016386706704233,0.000823207781819398,0.0683133281639915,0.159178706942975,FALSE,0.0164753610858447,0.0164753610858447
"2019-Q3",2026-05-13,0.188424563355749,0,0.0792486793602793,51.1666666666667,2019-09-30,2019-09-26,3,0.0462847356293604,0.0104960803534078,0.11172963484203,2019-10-31,1,31,0.187312709607412,0,0.0792486793602793,51.1666666666667,2019-09-30,2019-09-26,3,84,9,0.0419122770073625,0.00437020953348691,0.128022990086856,0.00111185374833678,FALSE,0.00437245862199787,0.00437245862199787
"2019-Q4",2026-05-13,-0.103895401027032,0,0.046583504402364,50.7,2019-12-31,2019-12-26,3,0.0586304506135415,0.0131748354316428,0.143474428667617,2020-01-31,1,31,0.0936784108774846,0,0.046583504402364,50.7,2019-12-31,2019-12-26,3,85,9,0.0540828093730374,0.00549720304149628,0.167582992989214,-0.197573811904517,FALSE,0.00454764124050412,0.00454764124050412
"2020-Q1",2026-05-13,-3.24586191620465,1,0.196366270620557,44.2,2020-03-31,2020-03-26,3,0.686646367342603,0.31668036566936,0.927273792080904,2020-04-30,1,30,-3.8263313068439,0,0.196366270620557,44.2,2020-03-31,2020-03-26,3,86,9,0.871896225416012,0.533326393340864,0.992108540680781,0.580469390639249,TRUE,-0.185249858073409,0.185249858073409
"2020-Q2",2026-05-13,-11.118349956249,1,0.364817182414894,31.3333333333333,2020-06-30,2020-06-26,3,0.996431707813799,0.970004527841868,0.999999062077758,2020-07-31,1,31,-12.109411715062,1,0.364817182414894,31.3333333333333,2020-06-30,2020-06-26,3,87,9,0.997726157696355,0.985859523970776,0.999999951537591,0.991061758813061,FALSE,-0.00129444988255578,0.00129444988255578
"2020-Q3",2026-05-13,11.5443874576422,0,0.129628417262068,52.4,2020-09-30,2020-09-26,3,0.0254615643102333,0.0042982051757956,0.0685615911851886,2020-10-30,1,30,12.6660574461363,0,0.129628417262068,52.4,2020-09-30,2020-09-26,3,88,10,0.0231236148753622,0.00250727028696747,0.0729830524620498,-1.12166998849408,FALSE,0.00233794943487118,0.00233794943487118
"2020-Q4",2026-05-13,0.368425706605358,0,0.0714432832442825,48.1333333333333,2020-12-31,2020-12-26,3,0.207722606395119,0.0646820092155445,0.412465503647486,2021-02-02,1,33,-0.6975762600686,0,0.0714432832442825,48.1333333333333,2020-12-31,2020-12-26,3,89,10,0.193501046816075,0.0366401999677174,0.464926129813946,1.06600196667396,FALSE,0.0142215595790433,0.0142215595790433
"2021-Q1",2026-05-13,0.79500805191739,0,0.013114292003486,49.9333333333333,2021-03-31,2021-03-26,3,0.0872489215711999,0.0186451309225637,0.210023989580121,2021-04-30,1,30,-0.622965997487668,1,0.013114292003486,49.9333333333333,2021-03-31,2021-03-26,3,90,10,0.0611468859902801,0.00656137627601434,0.191263642654333,1.41797404940506,TRUE,0.0261020355809198,0.0261020355809198
"2021-Q2",2026-05-13,2.16055931954549,0,0.0103871337135271,56.8,2021-06-30,2021-06-26,3,0.00313662993642145,8.87440922981202e-05,0.0155333796749553,2021-07-30,1,30,2.02472249889989,0,0.0103871337135271,56.8,2021-06-30,2021-06-26,3,91,12,0.00184898309819235,2.07152902751158e-05,0.0104928046813358,0.135836820645596,FALSE,0.0012876468382291,0.0012876468382291
"2021-Q3",2026-05-13,1.75630263242683,0,0.0100009464953598,58.4666666666667,2021-09-30,2021-09-26,3,0.00156672683298582,2.05270752670791e-05,0.00928324265579478,2021-10-29,1,29,2.21131984239484,0,0.0100009464953598,58.4666666666667,2021-09-30,2021-09-26,3,92,12,0.0006267574497806,2.90206438219256e-06,0.003998012138158,-0.455017209968012,FALSE,0.000939969383205222,0.000939969383205222
"2021-Q4",2026-05-13,0.807341984242638,0,0.0455117277858434,54.3,2021-12-31,2021-12-26,3,0.00982922805070249,0.000788378186469227,0.0346904785905213,2022-01-31,1,31,0.294475667231042,0,0.0455117277858434,54.3,2021-12-31,2021-12-26,3,93,12,0.00752423598366405,0.000488602108497296,0.0304065279349162,0.512866317011595,FALSE,0.00230499206703844,0.00230499206703844
"2022-Q1",2026-05-13,0.748329111430546,0,0.171451493056781,54.2333333333333,2022-03-31,2022-03-26,3,0.0110844806707215,0.000863935771119648,0.0394870022304501,2022-04-29,1,29,0.189101044030071,0,0.171451493056781,54.2333333333333,2022-03-31,2022-03-26,3,94,12,0.00841539136793899,0.000396239998451376,0.0316876783758015,0.559228067400475,FALSE,0.00266908930278247,0.00266908930278247
"2022-Q2",2026-05-13,0.922864618445729,0,0.38421936859953,54.2,2022-06-30,2022-06-26,3,0.0155312357976411,0.000634094299387679,0.0678710410870575,2022-07-29,1,29,0.688445751946043,0,0.38421936859953,54.2,2022-06-30,2022-06-26,3,95,11,0.0114690111231812,0.000376253882348831,0.0570466850537489,0.234418866499686,FALSE,0.00406222467445989,0.00406222467445989
"2022-Q3",2026-05-13,0.454268552554571,0,0.422048667080799,48.9666666666667,2022-09-30,2022-09-26,3,0.169764675880918,0.0398619656721511,0.395633442937356,2022-10-31,1,31,0.183985314769308,0,0.422048667080799,48.9666666666667,2022-09-30,2022-09-26,3,96,11,0.254863922689017,0.0580978226508036,0.564216600099463,0.270283237785263,FALSE,-0.085099246808099,0.085099246808099
"2022-Q4",2026-05-13,-0.0576158086793566,0,0.483664635923476,48.1333333333333,2022-12-30,2022-12-26,3,0.252060529666722,0.0551312648847101,0.556470625945806,2023-01-31,1,31,0.118371541953111,0,0.483664635923476,48.1333333333333,2022-12-30,2022-12-26,3,97,11,0.353050438910668,0.0893196928863344,0.701625509679377,-0.175987350632467,FALSE,-0.100989909243946,0.100989909243946
"2023-Q1",2026-05-13,-0.0250432069406226,1,0.188023906861624,52,2023-03-31,2023-03-26,3,0.0321855228352243,0.00593645328328008,0.0831835429839576,2023-04-28,1,28,0.0842817863045298,0,0.188023906861624,52,2023-03-31,2023-03-26,3,98,10,0.0253634050315358,0.00243214771254618,0.071728824161139,-0.109324993245152,TRUE,0.00682211780368844,0.00682211780368844
"2023-Q2",2026-05-13,0.180847468530021,0,0.150025812731127,52.2666666666667,2023-06-30,2023-06-26,3,0.0275097536572182,0.0047895079566681,0.0729571344974839,2023-07-31,1,31,0.270638549048652,0,0.150025812731127,52.2666666666667,2023-06-30,2023-06-26,3,99,10,0.0203184456818381,0.00223401337883833,0.0608496752428541,-0.0897910805186308,FALSE,0.00719130797538009,0.00719130797538009
"2023-Q3",2026-05-13,-0.00486866422798604,0,0.0818075751277615,47.5,2023-09-29,2023-09-26,3,0.272523405166315,0.0900743314481005,0.518113713204235,2023-10-31,1,31,-0.0918824974039389,0,0.0818075751277615,47.5,2023-09-29,2023-09-26,3,100,10,0.250201143218103,0.0551865164040615,0.543744837720938,0.0870138331759529,FALSE,0.022322261948212,0.022322261948212
"2023-Q4",2026-05-13,0.0750202768410535,0,0.105468745064583,47.2333333333333,2023-12-29,2023-12-26,3,0.303655244348846,0.107653479668786,0.552119327081718,2024-01-30,1,30,0.0305406435469724,0,0.105468745064583,47.2333333333333,2023-12-29,2023-12-26,3,101,10,0.259377303983712,0.0708859116954256,0.542820231221188,0.0444796332940811,FALSE,0.0442779403651349,0.0442779403651349
"2024-Q1",2026-05-13,0.289910613006295,0,0.0418351657339184,49.1333333333333,2024-03-29,2024-03-26,3,0.12976296940604,0.0347609937917862,0.285132895680167,2024-04-30,1,30,0.332716560251933,0,0.0418351657339184,49.1333333333333,2024-03-29,2024-03-26,3,102,11,0.11653228989879,0.023650218738842,0.285691405674421,-0.0428059472456388,FALSE,0.0132306795072494,0.0132306795072494
"2024-Q2",2026-05-13,0.199901842907457,0,0.0291323029062761,51.6,2024-06-28,2024-06-26,3,0.0369817042966541,0.00656006523467044,0.0981579367429505,2024-07-31,1,31,0.258560797349605,0,0.0291323029062761,51.6,2024-06-28,2024-06-26,3,103,10,0.0193265453388975,0.0018677197760323,0.0598608451504527,-0.0586589544421479,FALSE,0.0176551589577566,0.0176551589577566
"2024-Q3",2026-05-13,0.443435603555242,0,0.0863539680323694,50.2666666666667,2024-09-30,2024-09-26,3,0.0732760153371219,0.0200575614808625,0.164197783074903,2024-10-30,1,30,0.37438320998171,0,0.0863539680323694,50.2666666666667,2024-09-30,2024-09-26,3,104,11,0.0614451303807397,0.0147533387808649,0.139756000117109,0.0690523935735321,FALSE,0.0118308849563821,0.0118308849563821
"2024-Q4",2026-05-13,0.384423820033275,0,0.0418226797089082,49.3,2024-12-31,2024-12-26,3,0.119498612093031,0.0308027410319861,0.264462453357654,2025-01-30,1,30,0.0291195333180783,0,0.0418226797089082,49.3,2024-12-31,2024-12-26,3,105,11,0.0908222176199798,0.018954897570012,0.220207117475824,0.355304286715197,FALSE,0.0286763944730516,0.0286763944730516
"2025-Q1",2026-05-13,0.593240058787381,0,0.0180870663135409,50.4333333333333,2025-03-31,2025-03-26,3,0.067447333988391,0.013904384296704,0.165525254214232,2025-05-15,1,45,0.329788374059836,0,0.0180870663135409,50.4333333333333,2025-03-31,2025-03-26,3,106,9,0.0466646882189653,0.00781633905886958,0.129421307033902,0.263451684727545,FALSE,0.0207826457694257,0.0207826457694257
"2025-Q2",2026-05-13,0.143856291994804,0,0.0714056076021962,50.4,2025-06-30,2025-06-26,3,0.0683823394976358,0.0173901169385355,0.158207509374828,2025-07-30,1,30,0.105334499843912,0,0.0714056076021962,50.4,2025-06-30,2025-06-26,3,107,10,0.0562264834079198,0.0121396470053797,0.135733911530089,0.0385217921508918,FALSE,0.0121558560897161,0.0121558560897161
"2025-Q3",2026-05-13,0.299281375581506,0,0.0266932433822059,51.0333333333333,2025-09-30,2025-09-26,3,0.0494594072577202,0.00994833910070613,0.125244347649578,2025-10-30,1,30,0.222079001285702,0,0.0266932433822059,51.0333333333333,2025-09-30,2025-09-26,3,108,11,0.0520669052445071,0.0104661615654911,0.124741408188638,0.0772023742958039,FALSE,-0.00260749798678696,0.00260749798678696
"2025-Q4",2026-05-13,0.199426928422852,0,0.0335761303459994,52.2666666666667,2025-12-31,2025-12-26,3,0.0263786815206193,0.00412727164899244,0.0726351350974551,2026-01-30,1,30,0.334193031029573,0,0.0335761303459994,52.2666666666667,2025-12-31,2025-12-26,3,109,11,0.0280097900376261,0.00396687354735242,0.0817700026405315,-0.13476610260672,FALSE,-0.00163110851700685,0.00163110851700685
"2026-Q1",2026-05-13,0.145795873349397,0,0.0359603195188705,51.3,2026-03-31,2026-03-26,3,0.0431083416122133,0.0084172029930278,0.111729136537116,2026-05-13,1,43,0.145795873349397,0,0.0359603195188705,51.3,2026-03-31,2026-03-26,3,110,11,0.0444398102436825,0.0094482724787692,0.112518514418431,0,FALSE,-0.00133146863146916,0.00133146863146916
