"quarter","real_time_vintage_date","real_time_release_round","days_after_quarter_end","gdp_growth_real_time","recession_real_time","ciss_real_time","pmi_real_time","ciss_last_date_real_time","pmi_last_release_date_real_time","pmi_months_available_real_time","training_observations_real_time","training_recessions_real_time","prob_recession_real_time","lower_95_real_time","upper_95_real_time"
"2014-Q3",2014-11-14,1,45,0.161347516532917,0,0.0129784056448137,52.7666666666667,2014-09-30,2014-09-26,3,64,10,0.0108992618914578,0.000198440701699123,0.0513018220919045
"2014-Q4",2015-02-13,1,44,0.339919441124859,0,0.0232098560842145,51.5333333333333,2014-12-31,2014-12-26,3,65,9,0.0404948163869879,0.00278685913859676,0.132502026867106
"2015-Q1",2015-05-13,1,43,0.400088126752696,0,0.0873537673818193,53.3,2015-03-31,2015-03-26,3,66,10,0.0102020264803121,0.000284697924519214,0.0490640089423517
"2015-Q2",2015-08-14,1,45,0.311294865911771,0,0.120130703562686,53.9,2015-06-30,2015-06-26,3,67,10,0.00713095861427954,0.000212237823394353,0.032655723127194
"2015-Q3",2015-11-13,1,44,0.297431404824255,0,0.237167245956238,53.9333333333333,2015-09-30,2015-09-26,3,68,10,0.0122500001386641,0.000412329122904176,0.056570972798914
"2015-Q4",2016-02-12,1,43,0.266994092463779,0,0.221323201714759,54.1333333333333,2015-12-31,2015-12-26,3,69,11,0.013723054235659,0.000432014572589237,0.0588487913205576
"2016-Q1",2016-04-29,1,29,0.550439179495776,0,0.27328894299173,53.2333333333333,2016-03-31,2016-03-26,3,70,11,0.0355886547149932,0.00178107228168609,0.126538141813995
"2016-Q2",2016-07-29,1,29,0.288880405335501,0,0.210287844889508,53.0666666666667,2016-06-30,2016-06-26,3,71,9,0.0160793291722527,0.000969316913826222,0.0626698412549909
"2016-Q3",2016-10-31,1,31,0.340655549385027,0,0.245755884140925,52.9,2016-09-30,2016-09-26,3,72,9,0.0196204871364491,0.00146063553549116,0.0704288808980338
"2016-Q4",2017-01-31,1,31,0.500806818359889,0,0.165204716101735,53.8666666666667,2016-12-30,2016-12-26,3,73,9,0.00999567185191613,0.000348768220207859,0.042570502348932
"2017-Q1",2017-05-03,1,33,0.455026922190727,0,0.0922248121054968,55.6,2017-03-31,2017-03-26,3,74,9,0.00292879415927958,2.88324784547577e-05,0.0156445716603981
"2017-Q2",2017-08-01,1,32,0.561155338791841,0,0.0368645976749952,56.6333333333333,2017-06-30,2017-06-26,3,75,9,0.0015027590446194,8.09294945563553e-06,0.00934070622068961
"2017-Q3",2017-10-31,1,31,0.584607521374814,0,0.0069620055242479,56.0333333333333,2017-09-29,2017-09-26,3,76,9,0.00227451383765054,1.60916626941745e-05,0.0115460315550172
"2017-Q4",2018-01-30,1,30,0.561548325834749,0,0.00476465518677911,57.2,2017-12-29,2017-12-26,3,77,9,0.00108908940487523,3.38543014660255e-06,0.00629919187605399
"2018-Q1",2018-05-02,1,32,0.415132402969198,0,0.0145863623524315,57.0333333333333,2018-03-30,2018-03-26,3,78,9,0.00125297629002773,3.76739608128146e-06,0.00712596810589626
"2018-Q2",2018-07-31,1,31,0.345810840661653,0,0.0306091998780336,54.7,2018-06-29,2018-06-26,3,79,9,0.00473526635288527,7.8124606313419e-05,0.0221314813739743
"2018-Q3",2018-10-30,1,30,0.155035219306798,0,0.019197643504814,54.3,2018-09-28,2018-09-26,3,80,10,0.00312966367932412,2.50408781403157e-05,0.0183478295394012
"2018-Q4",2019-01-11,1,11,0.223665793251948,0,0.124687573670441,52.3,2018-12-31,2018-12-26,3,81,9,0.021860030241906,0.00157327168214006,0.0724875393806867
"2019-Q1",2019-04-30,1,30,0.379021793109668,0,0.0959534018788262,51.5,2019-03-29,2019-03-26,3,82,10,0.0263145348670533,0.00189902914700427,0.0964426954656194
"2019-Q2",2019-07-31,1,31,0.201955271487564,0,0.0465073686265079,51.8333333333333,2019-06-28,2019-06-26,3,83,10,0.016386706704233,0.000823207781819398,0.0683133281639915
"2019-Q3",2019-10-31,1,31,0.187312709607412,0,0.0792486793602793,51.1666666666667,2019-09-30,2019-09-26,3,84,9,0.0419122770073625,0.00437020953348691,0.128022990086856
"2019-Q4",2020-01-31,1,31,0.0936784108774846,0,0.046583504402364,50.7,2019-12-31,2019-12-26,3,85,9,0.0540828093730374,0.00549720304149628,0.167582992989214
"2020-Q1",2020-04-30,1,30,-3.8263313068439,0,0.196366270620557,44.2,2020-03-31,2020-03-26,3,86,9,0.871896225416012,0.533326393340864,0.992108540680781
"2020-Q2",2020-07-31,1,31,-12.109411715062,1,0.364817182414894,31.3333333333333,2020-06-30,2020-06-26,3,87,9,0.997726157696355,0.985859523970776,0.999999951537591
"2020-Q3",2020-10-30,1,30,12.6660574461363,0,0.129628417262068,52.4,2020-09-30,2020-09-26,3,88,10,0.0231236148753622,0.00250727028696747,0.0729830524620498
"2020-Q4",2021-02-02,1,33,-0.6975762600686,0,0.0714432832442825,48.1333333333333,2020-12-31,2020-12-26,3,89,10,0.193501046816075,0.0366401999677174,0.464926129813946
"2021-Q1",2021-04-30,1,30,-0.622965997487668,1,0.013114292003486,49.9333333333333,2021-03-31,2021-03-26,3,90,10,0.0611468859902801,0.00656137627601434,0.191263642654333
"2021-Q2",2021-07-30,1,30,2.02472249889989,0,0.0103871337135271,56.8,2021-06-30,2021-06-26,3,91,12,0.00184898309819235,2.07152902751158e-05,0.0104928046813358
"2021-Q3",2021-10-29,1,29,2.21131984239484,0,0.0100009464953598,58.4666666666667,2021-09-30,2021-09-26,3,92,12,0.0006267574497806,2.90206438219256e-06,0.003998012138158
"2021-Q4",2022-01-31,1,31,0.294475667231042,0,0.0455117277858434,54.3,2021-12-31,2021-12-26,3,93,12,0.00752423598366405,0.000488602108497296,0.0304065279349162
"2022-Q1",2022-04-29,1,29,0.189101044030071,0,0.171451493056781,54.2333333333333,2022-03-31,2022-03-26,3,94,12,0.00841539136793899,0.000396239998451376,0.0316876783758015
"2022-Q2",2022-07-29,1,29,0.688445751946043,0,0.38421936859953,54.2,2022-06-30,2022-06-26,3,95,11,0.0114690111231812,0.000376253882348831,0.0570466850537489
"2022-Q3",2022-10-31,1,31,0.183985314769308,0,0.422048667080799,48.9666666666667,2022-09-30,2022-09-26,3,96,11,0.254863922689017,0.0580978226508036,0.564216600099463
"2022-Q4",2023-01-31,1,31,0.118371541953111,0,0.483664635923476,48.1333333333333,2022-12-30,2022-12-26,3,97,11,0.353050438910668,0.0893196928863344,0.701625509679377
"2023-Q1",2023-04-28,1,28,0.0842817863045298,0,0.188023906861624,52,2023-03-31,2023-03-26,3,98,10,0.0253634050315358,0.00243214771254618,0.071728824161139
"2023-Q2",2023-07-31,1,31,0.270638549048652,0,0.150025812731127,52.2666666666667,2023-06-30,2023-06-26,3,99,10,0.0203184456818381,0.00223401337883833,0.0608496752428541
"2023-Q3",2023-10-31,1,31,-0.0918824974039389,0,0.0818075751277615,47.5,2023-09-29,2023-09-26,3,100,10,0.250201143218103,0.0551865164040615,0.543744837720938
"2023-Q4",2024-01-30,1,30,0.0305406435469724,0,0.105468745064583,47.2333333333333,2023-12-29,2023-12-26,3,101,10,0.259377303983712,0.0708859116954256,0.542820231221188
"2024-Q1",2024-04-30,1,30,0.332716560251933,0,0.0418351657339184,49.1333333333333,2024-03-29,2024-03-26,3,102,11,0.11653228989879,0.023650218738842,0.285691405674421
"2024-Q2",2024-07-31,1,31,0.258560797349605,0,0.0291323029062761,51.6,2024-06-28,2024-06-26,3,103,10,0.0193265453388975,0.0018677197760323,0.0598608451504527
"2024-Q3",2024-10-30,1,30,0.37438320998171,0,0.0863539680323694,50.2666666666667,2024-09-30,2024-09-26,3,104,11,0.0614451303807397,0.0147533387808649,0.139756000117109
"2024-Q4",2025-01-30,1,30,0.0291195333180783,0,0.0418226797089082,49.3,2024-12-31,2024-12-26,3,105,11,0.0908222176199798,0.018954897570012,0.220207117475824
"2025-Q1",2025-05-15,1,45,0.329788374059836,0,0.0180870663135409,50.4333333333333,2025-03-31,2025-03-26,3,106,9,0.0466646882189653,0.00781633905886958,0.129421307033902
"2025-Q2",2025-07-30,1,30,0.105334499843912,0,0.0714056076021962,50.4,2025-06-30,2025-06-26,3,107,10,0.0562264834079198,0.0121396470053797,0.135733911530089
"2025-Q3",2025-10-30,1,30,0.222079001285702,0,0.0266932433822059,51.0333333333333,2025-09-30,2025-09-26,3,108,11,0.0520669052445071,0.0104661615654911,0.124741408188638
"2025-Q4",2026-01-30,1,30,0.334193031029573,0,0.0335761303459994,52.2666666666667,2025-12-31,2025-12-26,3,109,11,0.0280097900376261,0.00396687354735242,0.0817700026405315
"2026-Q1",2026-05-13,1,43,0.145795873349397,0,0.0359603195188705,51.3,2026-03-31,2026-03-26,3,110,11,0.0444398102436825,0.0094482724787692,0.112518514418431
