"vintage_date","target_quarter","release_round","days_after_quarter_end","gdp_growth_vintage","recession_vintage","ciss_as_of","esi_as_of","ciss_last_date","esi_last_release_date","esi_months_available","training_observations","training_recessions","ciss_training_mean","ciss_training_sd","esi_training_mean","esi_training_sd","prob_recession","lower_95","upper_95","status","error_message"
2014-11-14,"2014-Q3",1,45,0.161347516532917,0,0.0129784056448137,97.8666666666667,2014-09-30,2014-09-29,3,66,10,0.188932941253229,0.195313394226502,99.6580808080808,10.3638413341872,0.0218197834428748,0.00137434810598128,0.0849138841180082,"ok",
2015-02-13,"2014-Q4",1,44,0.339919441124859,0,0.0232098560842145,97.8333333333333,2014-12-31,2014-12-29,3,67,9,0.186306754154596,0.195016465378968,99.6313432835821,10.2873559746611,0.0310526522310721,0.00256794390142262,0.0971210560797667,"ok",
2015-05-13,"2015-Q1",1,43,0.400088126752696,0,0.0873537673818193,101.333333333333,2015-03-31,2015-03-29,3,68,10,0.183908270359443,0.194563547138815,99.6049019607843,10.212623906466,0.0124366252555201,0.000425309827726223,0.0490420347212261,"ok",
2015-08-14,"2015-Q2",1,45,0.311294865911771,0,0.120130703562686,103.166666666667,2015-06-30,2015-06-29,3,69,10,0.182508929736579,0.19347711937408,99.6299516908213,10.1393882595883,0.00882818462962879,0.000277811739637542,0.0388719099221923,"ok",
2015-11-13,"2015-Q3",1,44,0.297431404824255,0,0.237167245956238,103.666666666667,2015-09-30,2015-09-29,3,70,10,0.181617812219809,0.192214643224268,99.6804761904762,10.0745186334575,0.014241492643894,0.000519028601063834,0.0584311479566944,"ok",
2016-02-12,"2015-Q4",1,43,0.266994092463779,0,0.221323201714759,105.033333333333,2015-12-31,2015-12-29,3,71,11,0.182400198610463,0.190950578657931,99.7366197183099,10.0134800492225,0.0153890037523433,0.000516603718689074,0.0624045358675594,"ok",
2016-04-29,"2016-Q1",1,29,0.550439179495776,0,0.27328894299173,104.233333333333,2016-03-31,2016-03-29,3,72,11,0.182940795875801,0.189656568891689,99.8101851851852,9.9622882635297,0.0258896154352288,0.00108495078605476,0.0942411019430861,"ok",
2016-07-29,"2016-Q2",1,29,0.288880405335501,0,0.210287844889508,104.2,2016-06-30,2016-06-29,3,73,9,0.184178441726704,0.18863153278082,99.8707762557078,9.90639982880109,0.00816550757881656,0.00027397296159766,0.0367127587199228,"ok",
2016-10-31,"2016-Q3",1,31,0.340655549385027,0,0.245755884140925,104,2016-09-30,2016-09-29,3,74,9,0.184531271499174,0.187359666579028,99.9292792792793,9.85117714296423,0.00971582871238246,0.000227720437716735,0.0425647677185787,"ok",
2017-01-31,"2016-Q4",1,31,0.500806818359889,0,0.165204716101735,106.633333333333,2016-12-30,2016-12-29,3,75,9,0.185347599667731,0.18622365709012,99.9835555555556,9.79567284092351,0.00379093606258198,4.08833980123191e-05,0.0204999897759202,"ok",
2017-05-03,"2017-Q1",1,33,0.455026922190727,0,0.0922248121054968,108.5,2017-03-31,2017-03-29,3,76,9,0.185082561726073,0.184992429797233,100.071052631579,9.7600020371966,0.00208612052718816,1.28143450364386e-05,0.012387355335793,"ok",
2017-08-01,"2017-Q2",1,32,0.561155338791841,0,0.0368645976749952,110.333333333333,2017-06-30,2017-06-29,3,77,9,0.183876616925806,0.184075767849589,100.180519480519,9.74304572900417,0.00140763957597701,6.54890011058263e-06,0.00872065219143839,"ok",
2017-10-31,"2017-Q3",1,31,0.584607521374814,0,0.0069620055242479,112.3,2017-09-29,2017-09-29,3,78,9,0.181991847448231,0.183632572215856,100.310683760684,9.74759746710216,0.000874856742105719,1.74732255618317e-06,0.00623276533905289,"ok",
2018-01-30,"2017-Q4",1,30,0.561548325834749,0,0.00476465518677911,114.9,2017-12-29,2017-12-29,3,79,9,0.17977627982894,0.183511287177028,100.462447257384,9.77839697984296,0.000438045065416081,7.15065454059966e-07,0.00330391031912104,"ok",
2018-05-02,"2018-Q1",1,32,0.415132402969198,0,0.0145863623524315,114.1,2018-03-30,2018-03-29,3,80,9,0.177588634520913,0.183392945423838,100.642916666667,9.84947926222448,0.000539922688976687,6.20303565225898e-07,0.0037770686063244,"ok",
2018-07-31,"2018-Q2",1,31,0.345810840661653,0,0.0306091998780336,112.433333333333,2018-06-29,2018-06-29,3,81,9,0.175576260790438,0.183140879560954,100.809053497942,9.90127799319315,0.000822167607067388,9.78570497596521e-07,0.0054284747492986,"ok",
2018-10-30,"2018-Q3",1,30,0.155035219306798,0,0.019197643504814,111.033333333333,2018-09-28,2018-09-29,3,82,10,0.173808369803701,0.182709568633791,100.95081300813,9.92334851225839,0.000793705208082253,1.95414839958886e-06,0.0053289113128926,"ok",
2019-01-11,"2018-Q4",1,11,0.223665793251948,0,0.124687573670441,110.1,2018-12-31,2018-12-29,3,83,9,0.171945589968775,0.182383346447754,101.072289156627,9.92455253751223,0.00169621657151715,6.09127917284981e-06,0.0100861962015346,"ok",
2019-04-30,"2019-Q1",1,30,0.379021793109668,0,0.0959534018788262,106.933333333333,2019-03-29,2019-03-29,3,84,10,0.171382994536652,0.181354638528174,101.179761904762,9.91364051273396,0.00301096444636543,3.15224722773298e-05,0.0150564881494444,"ok",
2019-07-31,"2019-Q2",1,31,0.201955271487564,0,0.0465073686265079,104.7,2019-06-28,2019-06-29,3,85,10,0.170495587564207,0.180457474040149,101.247450980392,9.87419459775066,0.00417302457300638,8.64584150650528e-05,0.0196198087642785,"ok",
2019-10-31,"2019-Q3",1,31,0.187312709607412,0,0.0792486793602793,102.633333333333,2019-09-30,2019-09-29,3,86,9,0.169053864088187,0.179890356031381,101.287596899225,9.82299695560609,0.00843515830439099,0.000225809441430759,0.0332943342894229,"ok",
2020-01-31,"2019-Q4",1,31,0.0936784108774846,0,0.046583504402364,102.8,2019-12-31,2019-12-29,3,87,9,0.168021620585568,0.179100406645131,101.3030651341,9.76678523644712,0.00839068033210148,0.000200135673753422,0.0360458857428496,"ok",
2020-04-30,"2020-Q1",1,30,-3.8263313068439,0,0.196366270620557,101.433333333333,2020-03-31,2020-03-29,3,88,9,0.166641641992577,0.178538054826925,101.320075757576,9.7118031173337,0.0147879078356365,0.000976339777120108,0.0555136825982226,"ok",
2020-07-31,"2020-Q2",1,31,-12.109411715062,1,0.364817182414894,65.1,2020-06-30,2020-06-29,3,89,9,0.166975626583902,0.177548695203961,101.321348314607,9.65647222007845,0.993498881116092,0.946573365420134,0.999998852960145,"ok",
2020-10-30,"2020-Q3",1,30,12.6660574461363,0,0.129628417262068,89.3333333333333,2020-09-30,2020-09-29,3,90,10,0.169173866093136,0.177775828570463,100.918888888889,10.3333128548788,0.305481080747864,0.0929795769733415,0.592170521495285,"ok",
2021-02-02,"2020-Q4",1,33,-0.6975762600686,0,0.0714432832442825,94.7,2020-12-31,2020-12-29,3,91,10,0.168739300721366,0.176834023949923,100.791575091575,10.3472673000141,0.0648509915864413,0.0100559872061568,0.175632492312243,"ok",
2021-04-30,"2021-Q1",1,30,-0.622965997487668,1,0.013114292003486,99.0333333333333,2021-03-31,2021-03-29,3,92,10,0.167681735314006,0.176152035372155,100.725362318841,10.3098366552295,0.0174098816014945,0.00119651529009505,0.064502424645944,"ok",
2021-07-30,"2021-Q2",1,30,2.02472249889989,0,0.0103871337135271,111.366666666667,2021-06-30,2021-06-29,3,93,12,0.166019719794538,0.175923720547753,100.707168458781,10.2551528811146,0.00438380332640531,0.000124764720931259,0.0180084589905627,"ok",
2021-10-29,"2021-Q3",1,29,2.21131984239484,0,0.0100009464953598,118.9,2021-09-30,2021-09-29,3,94,12,0.164364053985166,0.175710114635458,100.820567375887,10.2589519801962,0.00129743895474557,1.03542822585747e-05,0.00765089161264443,"ok",
2022-01-31,"2021-Q4",1,31,0.294475667231042,0,0.0455117277858434,117.733333333333,2021-12-31,2021-12-29,3,95,12,0.162739179169483,0.175489081798107,101.010877192982,10.3714584283777,0.0017188048184148,1.5589282919625e-05,0.0100270976179879,"ok",
2022-04-29,"2022-Q1",1,29,0.189101044030071,0,0.171451493056781,111.866666666667,2022-03-31,2022-03-29,3,96,12,0.161518059884237,0.174972551312258,101.185069444444,10.4569491931383,0.00591195341930179,0.000177818209575828,0.0273218411756591,"ok",
2022-07-29,"2022-Q2",1,29,0.688445751946043,0,0.38421936859953,104.9,2022-06-30,2022-06-29,3,97,11,0.161620466411789,0.174061772396884,101.295189003436,10.4587284007837,0.0371811076137953,0.00296969830760222,0.124688743954014,"ok",
2022-10-31,"2022-Q3",1,31,0.183985314769308,0,0.422048667080799,97.8,2022-09-30,2022-09-29,3,98,11,0.163891883781052,0.17461606528507,101.331972789116,10.4110478793712,0.0869880021882378,0.011186424326493,0.252016116976877,"ok",
2023-01-31,"2022-Q4",1,31,0.118371541953111,0,0.483664635923476,95.5666666666667,2022-12-30,2022-12-29,3,99,11,0.166499528056807,0.175649711087516,101.296296296296,10.363875085002,0.154518920101471,0.0183081928575569,0.413921216397373,"ok",
2023-04-28,"2023-Q1",1,28,0.0842817863045298,0,0.188023906861624,98.7666666666667,2023-03-31,2023-03-29,3,100,10,0.169671179135474,0.177615070883613,101.239,10.3273057852058,0.0242158432220233,0.00304312658887565,0.0719512354991386,"ok",
2023-07-31,"2023-Q2",1,31,0.270638549048652,0,0.150025812731127,97.1666666666667,2023-06-30,2023-06-29,3,101,10,0.16985288931098,0.176734199147526,101.214521452145,10.2784839087847,0.0350295694081357,0.00541748242056685,0.0920573135583246,"ok",
2023-10-31,"2023-Q3",1,31,-0.0918824974039389,0,0.0818075751277615,94.4,2023-09-29,2023-09-29,3,102,10,0.169658506207256,0.175868058491337,101.174836601307,10.2353240194836,0.0653274171010614,0.0109088573990179,0.171558039338458,"ok",
2024-01-30,"2023-Q4",1,30,0.0305406435469724,0,0.105468745064583,94.8333333333333,2023-12-29,2023-12-29,3,103,10,0.16880558454629,0.175217786888042,101.109061488673,10.2068798556292,0.0563107562138516,0.00997566822492376,0.143220170895435,"ok",
2024-04-30,"2024-Q1",1,30,0.332716560251933,0,0.0418351657339184,95.6666666666667,2024-03-29,2024-03-29,3,104,11,0.16819657647435,0.174475714293775,101.048717948718,10.1758358811864,0.0626776441065906,0.0125532486465998,0.171774714778996,"ok",
2024-07-31,"2024-Q2",1,31,0.258560797349605,0,0.0291323029062761,96.3,2024-06-28,2024-06-29,3,105,10,0.166993134467299,0.174072209540318,100.99746031746,10.1404071287033,0.0307501188719864,0.00270001283171929,0.101437703158946,"ok",
2024-10-30,"2024-Q3",1,30,0.37438320998171,0,0.0863539680323694,96.3333333333333,2024-09-30,2024-09-29,3,106,11,0.165692560584648,0.173758021689265,100.953144654088,10.1023123533524,0.0489280912059174,0.0107490616315919,0.121502821585937,"ok",
2025-01-30,"2024-Q4",1,30,0.0291195333180783,0,0.0418226797089082,95.3666666666667,2024-12-31,2024-12-29,3,107,11,0.164951078411262,0.173106468622247,100.909968847352,10.0644612259381,0.0597649672575126,0.0106352089305036,0.150879556368241,"ok",
2025-05-15,"2025-Q1",1,45,0.329788374059836,0,0.0180870663135409,95.7333333333333,2025-03-31,2025-03-29,3,108,9,0.163811000645499,0.172702549953765,100.858641975309,10.0315120011641,0.0536607144551264,0.00919412166459491,0.142711898502333,"ok",
2025-07-30,"2025-Q2",1,30,0.105334499843912,0,0.0714056076021962,95.0333333333333,2025-06-30,2025-06-29,3,109,10,0.162474083816766,0.172466875929576,100.811620795107,9.9970225774749,0.0758198721641399,0.0202360114224223,0.16207775294716,"ok",
2025-10-30,"2025-Q3",1,30,0.222079001285702,0,0.0266932433822059,95.8666666666667,2025-09-30,2025-09-29,3,110,11,0.161646188578451,0.171893368585397,100.759090909091,9.966298622776,0.0754926194434068,0.0210604754691495,0.17224728052082,"ok",
2026-01-30,"2025-Q4",1,30,0.334193031029573,0,0.0335761303459994,97.0666666666667,2025-12-31,2025-12-29,3,111,11,0.160430396279386,0.171589023025205,100.715015015015,9.93175576118203,0.0598945270837912,0.0163066795100909,0.133339106289647,"ok",
2026-05-13,"2026-Q1",1,43,0.145795873349397,0,0.0359603195188705,97.8,2026-03-31,2026-03-29,3,112,11,0.159297768904981,0.171234403818596,100.68244047619,9.89292520772265,0.0529043639356773,0.0134274098738456,0.117243069467908,"ok",
