"quarter","latest_vintage_date","gdp_growth_latest","recession_latest","ciss_latest","esi_latest","ciss_last_date_latest","esi_last_release_date_latest","esi_months_available_latest","prob_recession_latest","lower_95_latest","upper_95_latest"
"1998-Q1",2026-05-13,0.713905047012742,0,0.019971421875,112.5,1998-03-31,1998-03-29,3,0.00571574079544512,0.000339346478036307,0.0232506871830754
"1998-Q2",2026-05-13,0.391230439980816,0,0.00966270769230769,111.7,1998-06-30,1998-06-29,3,0.0062591699687381,0.000406628495551682,0.0241664572829598
"1998-Q3",2026-05-13,0.527894548468266,0,0.108029757575758,111.966666666667,1998-09-30,1998-09-29,3,0.00727408911869657,0.00041853909493859,0.0282704776966733
"1998-Q4",2026-05-13,0.303446562507492,0,0.259969,109,1998-12-31,1998-12-29,3,0.0153454074555652,0.00115078208584007,0.0556290636865214
"1999-Q1",2026-05-13,1.00143379713413,0,0.135954483259366,105.366666666667,1999-03-31,1999-03-29,3,0.0191232680848734,0.00296999468907523,0.053612101864346
"1999-Q2",2026-05-13,0.480708739656488,0,0.0500497832122544,104.033333333333,1999-06-30,1999-06-29,3,0.020106011732596,0.00345972847021537,0.0544806940736739
"1999-Q3",2026-05-13,1.31199153485897,0,0.163196959413004,107.233333333333,1999-09-30,1999-09-29,3,0.0155150902690363,0.00177137220995577,0.0474145525871749
"1999-Q4",2026-05-13,1.05991304351936,0,0.185673824672592,114.6,1999-12-31,1999-12-29,3,0.0062198552732476,0.000226579742506307,0.02732630093857
"2000-Q1",2026-05-13,1.27816692528053,0,0.187231301597962,117.966666666667,2000-03-31,2000-03-29,3,0.00416222051815352,8.35853282025799e-05,0.0213624419716427
"2000-Q2",2026-05-13,0.905532566982203,0,0.270015671518326,117.433333333333,2000-06-30,2000-06-29,3,0.00558516042362108,9.67421418098723e-05,0.0273954138503131
"2000-Q3",2026-05-13,0.672246359065909,0,0.139376360370429,116.533333333333,2000-09-29,2000-09-29,3,0.00437627594198183,0.000119238296150073,0.0205746102236088
"2000-Q4",2026-05-13,0.475107578673373,0,0.21526873917178,115.566666666667,2000-12-29,2000-12-29,3,0.0059688750298189,0.000169396896835676,0.0271331209669954
"2001-Q1",2026-05-13,1.10102192695398,0,0.214464148871117,111.2,2001-03-30,2001-03-29,3,0.010270305615728,0.000590648208657462,0.0390902556042333
"2001-Q2",2026-05-13,0.0447517888908733,0,0.224594371530455,103.7,2001-06-29,2001-06-29,3,0.029146573993702,0.00492556697911772,0.0793057047972706
"2001-Q3",2026-05-13,0.21236907497213,0,0.166768892052641,99.5,2001-09-28,2001-09-29,3,0.0484337786604263,0.0139650495395934,0.10266704483239
"2001-Q4",2026-05-13,-0.0554168893680762,0,0.177355048413404,92.3666666666667,2001-12-31,2001-12-29,3,0.147860029465169,0.0647573280417564,0.27405762130763
"2002-Q1",2026-05-13,0.225114545518323,0,0.0990823357470997,97.1,2002-03-29,2002-03-29,3,0.063458428495576,0.0215347493599256,0.132972915125221
"2002-Q2",2026-05-13,0.465083124456878,0,0.0455625164710321,97.4,2002-06-28,2002-06-29,3,0.0565645302145008,0.0163852813469936,0.131093419178624
"2002-Q3",2026-05-13,0.459880145578606,0,0.119179424104307,94.0666666666667,2002-09-30,2002-09-29,3,0.105376819498642,0.0405734904155221,0.210666631996299
"2002-Q4",2026-05-13,0.186471650707931,0,0.137036904603903,92.2333333333333,2002-12-31,2002-12-29,3,0.143166064207627,0.0577542523861283,0.275902100436526
"2003-Q1",2026-05-13,-0.27038219352854,0,0.130463123713317,91.7333333333333,2003-03-31,2003-03-29,3,0.153203207197522,0.0600196524802344,0.300628572436451
"2003-Q2",2026-05-13,0.0513562855317229,0,0.136865956030598,91.4333333333333,2003-06-30,2003-06-29,3,0.161495655035558,0.0636547897162771,0.314901002625828
"2003-Q3",2026-05-13,0.651132503867524,0,0.0554695993662738,94.2333333333333,2003-09-30,2003-09-29,3,0.0952704347129658,0.029993205170657,0.212716141287482
"2003-Q4",2026-05-13,0.639856929113747,0,0.0403070996717277,98.2666666666667,2003-12-31,2003-12-29,3,0.0488945625581043,0.0134162606812786,0.113991687860481
"2004-Q1",2026-05-13,0.518370519983424,0,0.0193864267536359,98.9333333333333,2004-03-31,2004-03-29,3,0.0428815755638221,0.0105709129082094,0.105043384295268
"2004-Q2",2026-05-13,0.62254034044058,0,0.0293266633865033,100.033333333333,2004-06-30,2004-06-29,3,0.036373220831204,0.00862222614482624,0.0875672325033758
"2004-Q3",2026-05-13,0.22495378450802,0,0.051034824333343,100.333333333333,2004-09-30,2004-09-29,3,0.0356472132959249,0.00888137308276335,0.0845430016066363
"2004-Q4",2026-05-13,0.444912863187907,0,0.0315937514388749,100.166666666667,2004-12-31,2004-12-29,3,0.0357085479121411,0.00861487292894885,0.0861729025157507
"2005-Q1",2026-05-13,0.269891416475909,0,0.0286379660034678,99.4666666666667,2005-03-31,2005-03-29,3,0.0397827124563106,0.00981339255531839,0.0948093610525224
"2005-Q2",2026-05-13,0.616725876759672,0,0.0399227790981491,97.6,2005-06-30,2005-06-29,3,0.0544155414183542,0.0152672707314018,0.127980286250589
"2005-Q3",2026-05-13,0.744640432452526,0,0.0303397985648732,99.7666666666667,2005-09-30,2005-09-29,3,0.03799808656607,0.00921721148821316,0.0906330917898479
"2005-Q4",2026-05-13,0.697829494921653,0,0.0165046467752521,103,2005-12-30,2005-12-29,3,0.0224683342494112,0.0040861395682084,0.0593087767760704
"2006-Q1",2026-05-13,0.942524998224581,0,0.0269459682740681,106.033333333333,2006-03-31,2006-03-29,3,0.0144084010649778,0.00201425799263286,0.0422468577422119
"2006-Q2",2026-05-13,1.09992664853515,0,0.0419565124116522,108.833333333333,2006-06-30,2006-06-29,3,0.00984387774524052,0.000978353541612758,0.0331744163991759
"2006-Q3",2026-05-13,0.54494088632866,0,0.0248967089929023,110.066666666667,2006-09-29,2006-09-29,3,0.00804557198419868,0.000660335613451696,0.028828179006427
"2006-Q4",2026-05-13,1.16940652119666,0,0.00654996093734031,112.066666666667,2006-12-29,2006-12-29,3,0.00592267557066643,0.000364368462260247,0.0231282044135589
"2007-Q1",2026-05-13,0.700389157321291,0,0.0303958565839606,111.7,2007-03-30,2007-03-29,3,0.00648685803160117,0.000432345886269811,0.025212222362502
"2007-Q2",2026-05-13,0.671767026981951,0,0.00689482675996685,112.066666666667,2007-06-29,2007-06-29,3,0.00592611585547193,0.000364609611940315,0.0231160940970337
"2007-Q3",2026-05-13,0.38617287274354,0,0.152461391544887,109.933333333333,2007-09-28,2007-09-29,3,0.0104870815765993,0.000803023492327603,0.0363638157911157
"2007-Q4",2026-05-13,0.508341050968353,0,0.167653341561399,107.066666666667,2007-12-31,2007-12-29,3,0.0160297404375077,0.00183484877287077,0.0486979686768114
"2008-Q1",2026-05-13,0.641938527679087,0,0.429018701931111,103.266666666667,2008-03-31,2008-03-29,3,0.0517601652095402,0.00541776723754791,0.174077569933099
"2008-Q2",2026-05-13,-0.488552541263909,0,0.341197172882941,97.8333333333333,2008-06-30,2008-06-29,3,0.0878441297931334,0.0227333011656739,0.204606072030492
"2008-Q3",2026-05-13,-0.545272975863109,1,0.396136097023361,90.0666666666667,2008-09-30,2008-09-29,3,0.279328404651586,0.109913399345645,0.522671025349208
"2008-Q4",2026-05-13,-1.72198635030273,1,0.900654255991352,76.4666666666667,2008-12-31,2008-12-29,3,0.843592127475553,0.396299346733761,0.996243403623857
"2009-Q1",2026-05-13,-3.06501042136363,1,0.856287651668829,68.6,2009-03-31,2009-03-29,3,0.938604747658939,0.682319558021234,0.999220978752549
"2009-Q2",2026-05-13,0.0029292063414621,0,0.630239149763181,73.1666666666667,2009-06-30,2009-06-29,3,0.873855789777863,0.558122991501974,0.994215288641136
"2009-Q3",2026-05-13,0.35773556748504,0,0.390394442865016,83.4,2009-09-30,2009-09-29,3,0.534098878293904,0.249591298161073,0.833168876721676
"2009-Q4",2026-05-13,0.443551936290976,0,0.334576736398091,90.5333333333333,2009-12-31,2009-12-29,3,0.240797262896255,0.10494879015779,0.428104948411276
"2010-Q1",2026-05-13,0.390780800145829,0,0.203744641986708,93.5,2010-03-31,2010-03-29,3,0.129402450593767,0.0561120320740437,0.235329989595291
"2010-Q2",2026-05-13,0.930919346442005,0,0.392883117665418,97.3666666666667,2010-06-30,2010-06-29,3,0.105244409238091,0.0240680739730511,0.253785943595201
"2010-Q3",2026-05-13,0.443693431571379,0,0.399729474237953,100.4,2010-09-30,2010-09-29,3,0.070394062534989,0.0116801543273421,0.198017689054815
"2010-Q4",2026-05-13,0.593409783269339,0,0.308535515839103,102.7,2010-12-31,2010-12-29,3,0.0407832276132735,0.00645540713578197,0.113894334873861
"2011-Q1",2026-05-13,0.950557519376805,0,0.20429687961146,103.333333333333,2011-03-31,2011-03-29,3,0.0294162772530114,0.00535993913348188,0.0769789966820166
"2011-Q2",2026-05-13,-0.00764652222046136,0,0.278044127154962,102.1,2011-06-30,2011-06-29,3,0.0413025434080903,0.00764645115672358,0.108490894989329
"2011-Q3",2026-05-13,0.0174284962289661,0,0.524842434612725,97.1333333333333,2011-09-30,2011-09-29,3,0.146445966182816,0.0201275799617995,0.416500625505291
"2011-Q4",2026-05-13,-0.303422579782575,0,0.585703317751044,92.6,2011-12-30,2011-12-29,3,0.278765645597871,0.0498916990817215,0.652960290966145
"2012-Q1",2026-05-13,-0.243215715865075,1,0.372439248409914,91.9666666666667,2012-03-30,2012-03-29,3,0.21174226762268,0.0798807881845155,0.405404963353056
"2012-Q2",2026-05-13,-0.360696204036137,1,0.313818035781563,90.4333333333333,2012-06-29,2012-06-29,3,0.236648415119312,0.106955025017921,0.414896410144368
"2012-Q3",2026-05-13,-0.131097702904115,1,0.287867321451241,86.9333333333333,2012-09-28,2012-09-29,3,0.350966820324757,0.159974619679714,0.6073561429334
"2012-Q4",2026-05-13,-0.431458190722533,1,0.0984904237116712,85.7666666666667,2012-12-31,2012-12-29,3,0.329770700336015,0.0983147057501324,0.660843412639451
"2013-Q1",2026-05-13,-0.329924536945136,1,0.0838136550334725,88.4666666666667,2013-03-29,2013-03-29,3,0.232991167247793,0.0700392597850246,0.500843577826105
"2013-Q2",2026-05-13,0.655145462189743,0,0.067058705130833,88.6333333333333,2013-06-28,2013-06-29,3,0.224172647294794,0.0644235403974571,0.493751447723255
"2013-Q3",2026-05-13,0.296362390799332,0,0.0374661467073727,93.1666666666667,2013-09-30,2013-09-29,3,0.110886590376315,0.0321019291453913,0.251396849120866
"2013-Q4",2026-05-13,0.208465102177469,0,0.0146982261394656,96.7666666666667,2013-12-31,2013-12-29,3,0.0606299702088333,0.0157943370574282,0.146649140331041
"2014-Q1",2026-05-13,0.469194710234899,0,0.0168473033687474,99.2333333333333,2014-03-31,2014-03-29,3,0.0407444939619206,0.00985671700484542,0.10018744131639
"2014-Q2",2026-05-13,0.23486334231877,0,0.00474048524064456,99.4,2014-06-30,2014-06-29,3,0.0391422563466899,0.00905375467518932,0.0995124323800383
"2014-Q3",2026-05-13,0.486307050416857,0,0.0129784056448137,97.8666666666667,2014-09-30,2014-09-29,3,0.0506067334336689,0.0130146462715629,0.126434488630047
"2014-Q4",2026-05-13,0.37553206797718,0,0.0232098560842145,97.8333333333333,2014-12-31,2014-12-29,3,0.0514371177695137,0.0137799179161431,0.125936913813571
"2015-Q1",2026-05-13,0.7545053724757,0,0.0873537673818193,101.333333333333,2015-03-31,2015-03-29,3,0.0321073456075786,0.00753662657755777,0.0757613625963132
"2015-Q2",2026-05-13,0.422057492505568,0,0.120130703562686,103.166666666667,2015-06-30,2015-06-29,3,0.0256465689692119,0.0052827177080208,0.0649338276717705
"2015-Q3",2026-05-13,0.430324989385267,0,0.237167245956238,103.666666666667,2015-09-30,2015-09-29,3,0.0301117897345319,0.00501676649762179,0.0828179525840941
"2015-Q4",2026-05-13,0.491151883917373,0,0.221323201714759,105.033333333333,2015-12-31,2015-12-29,3,0.0239552716440444,0.00343904520600946,0.0686064121349182
"2016-Q1",2026-05-13,0.479210045123035,0,0.27328894299173,104.233333333333,2016-03-31,2016-03-29,3,0.0302306512080109,0.00428167290610131,0.0886014128792044
"2016-Q2",2026-05-13,0.191990049438551,0,0.210287844889508,104.2,2016-06-30,2016-06-29,3,0.0263073229416497,0.00433599282627964,0.0722946734377827
"2016-Q3",2026-05-13,0.481545342098788,0,0.245755884140925,104,2016-09-30,2016-09-29,3,0.0292856714975252,0.00465821574767143,0.0823577065552902
"2016-Q4",2026-05-13,0.766637459812269,0,0.165204716101735,106.633333333333,2016-12-30,2016-12-29,3,0.0169412450105079,0.00208736718891233,0.0501241856301729
"2017-Q1",2026-05-13,0.80964268302306,0,0.0922248121054968,108.5,2017-03-31,2017-03-29,3,0.0112834959292114,0.00116242257432866,0.0369663157138164
"2017-Q2",2026-05-13,0.662623624496916,0,0.0368645976749952,110.333333333333,2017-06-30,2017-06-29,3,0.00791247131864217,0.000647224345639473,0.0286731322175379
"2017-Q3",2026-05-13,0.732711194222113,0,0.0069620055242479,112.3,2017-09-29,2017-09-29,3,0.00574184493744206,0.000342020692532652,0.0225032370928065
"2017-Q4",2026-05-13,0.814408622685425,0,0.00476465518677911,114.9,2017-12-29,2017-12-29,3,0.00404746385175591,0.000161633290620649,0.0182833433864246
"2018-Q1",2026-05-13,0.0409127033575984,0,0.0145863623524315,114.1,2018-03-30,2018-03-29,3,0.00457510163569907,0.000206456717212572,0.0198059855198073
"2018-Q2",2026-05-13,0.511935479532455,0,0.0306091998780336,112.433333333333,2018-06-29,2018-06-29,3,0.0058774318149734,0.00035021518716316,0.0239750566653169
"2018-Q3",2026-05-13,0.0768201563595916,0,0.019197643504814,111.033333333333,2018-09-28,2018-09-29,3,0.00696983322293576,0.000502285969653609,0.0260985019729085
"2018-Q4",2026-05-13,0.541002191115769,0,0.124687573670441,110.1,2018-12-31,2018-12-29,3,0.0096621476692278,0.000732321548265047,0.0342060064365268
"2019-Q1",2026-05-13,0.721903869166884,0,0.0959534018788262,106.933333333333,2019-03-29,2019-03-29,3,0.0141741768329227,0.0018063009271809,0.0426971676018469
"2019-Q2",2026-05-13,0.361133978430539,0,0.0465073686265079,104.7,2019-06-28,2019-06-29,3,0.0180927567090575,0.00295445784760054,0.0507377133060424
"2019-Q3",2026-05-13,0.188424563355749,0,0.0792486793602793,102.633333333333,2019-09-30,2019-09-29,3,0.0259851108490159,0.00547615137824108,0.0647630841814344
"2019-Q4",2026-05-13,-0.103895401027032,0,0.046583504402364,102.8,2019-12-31,2019-12-29,3,0.0241357373826404,0.00465100990244663,0.0623286801972195
"2020-Q1",2026-05-13,-3.24586191620465,1,0.196366270620557,101.433333333333,2020-03-31,2020-03-29,3,0.0382342672636683,0.00865015613884255,0.0889779980431185
"2020-Q2",2026-05-13,-11.118349956249,1,0.364817182414894,65.1,2020-06-30,2020-06-29,3,0.925282359086288,0.649911152225153,0.998826618605979
"2020-Q3",2026-05-13,11.5443874576422,0,0.129628417262068,89.3333333333333,2020-09-30,2020-09-29,3,0.216951092949972,0.0762304292494592,0.437041209469933
"2020-Q4",2026-05-13,0.368425706605358,0,0.0714432832442825,94.7,2020-12-31,2020-12-29,3,0.0899797550698338,0.029436054581389,0.197326807801801
"2021-Q1",2026-05-13,0.79500805191739,0,0.013114292003486,99.0333333333333,2021-03-31,2021-03-29,3,0.0419046724108222,0.0101133386746103,0.103951439105073
"2021-Q2",2026-05-13,2.16055931954549,0,0.0103871337135271,111.366666666667,2021-06-30,2021-06-29,3,0.00655974006124035,0.000449523465816788,0.0251128282053254
"2021-Q3",2026-05-13,1.75630263242683,0,0.0100009464953598,118.9,2021-09-30,2021-09-29,3,0.00246529277847782,4.94763538661224e-05,0.0127238740029065
"2021-Q4",2026-05-13,0.807341984242638,0,0.0455117277858434,117.733333333333,2021-12-31,2021-12-29,3,0.00305865532338267,7.3180958678943e-05,0.0151798020447613
"2022-Q1",2026-05-13,0.748329111430546,0,0.171451493056781,111.866666666667,2022-03-31,2022-03-29,3,0.00848899695531471,0.000479934142498664,0.0331950618503272
"2022-Q2",2026-05-13,0.922864618445729,0,0.38421936859953,104.9,2022-06-30,2022-06-29,3,0.0368345626371767,0.0035897016447647,0.12692907050717
"2022-Q3",2026-05-13,0.454268552554571,0,0.422048667080799,97.8,2022-09-30,2022-09-29,3,0.105994051126373,0.0209664720114975,0.272021702494247
"2022-Q4",2026-05-13,-0.0576158086793566,0,0.483664635923476,95.5666666666667,2022-12-30,2022-12-29,3,0.163193255948174,0.0314944342750196,0.404908624587065
"2023-Q1",2026-05-13,-0.0250432069406226,1,0.188023906861624,98.7666666666667,2023-03-31,2023-03-29,3,0.0562423447699627,0.0175206341108813,0.116004270887502
"2023-Q2",2026-05-13,0.180847468530021,0,0.150025812731127,97.1666666666667,2023-06-30,2023-06-29,3,0.0676042579756237,0.023855844331737,0.13327998547861
"2023-Q3",2026-05-13,-0.00486866422798604,0,0.0818075751277615,94.4,2023-09-29,2023-09-29,3,0.0955209380572229,0.0324027353834445,0.203926903597033
"2023-Q4",2026-05-13,0.0750202768410535,0,0.105468745064583,94.8333333333333,2023-12-29,2023-12-29,3,0.0917560440343775,0.0341858493471548,0.187699736028013
"2024-Q1",2026-05-13,0.289910613006295,0,0.0418351657339184,95.6666666666667,2024-03-29,2024-03-29,3,0.0745500274061675,0.0216627470141155,0.170876234376007
"2024-Q2",2026-05-13,0.199901842907457,0,0.0291323029062761,96.3,2024-06-28,2024-06-29,3,0.0663833499142501,0.0181207368405736,0.155745775007386
"2024-Q3",2026-05-13,0.443435603555242,0,0.0863539680323694,96.3333333333333,2024-09-30,2024-09-29,3,0.070527761436369,0.0237270027058946,0.149216466148079
"2024-Q4",2026-05-13,0.384423820033275,0,0.0418226797089082,95.3666666666667,2024-12-31,2024-12-29,3,0.0782541227680861,0.0230435461888645,0.179851214469287
"2025-Q1",2026-05-13,0.593240058787381,0,0.0180870663135409,95.7333333333333,2025-03-31,2025-03-29,3,0.0719802704916581,0.0192473412476197,0.170690483146578
"2025-Q2",2026-05-13,0.143856291994804,0,0.0714056076021962,95.0333333333333,2025-06-30,2025-06-29,3,0.0853005364802446,0.0279177872116636,0.187873201592883
"2025-Q3",2026-05-13,0.299281375581506,0,0.0266932433822059,95.8666666666667,2025-09-30,2025-09-29,3,0.0710442328398293,0.0195848103407309,0.168278253620606
"2025-Q4",2026-05-13,0.199426928422852,0,0.0335761303459994,97.0666666666667,2025-12-31,2025-12-29,3,0.0588991417287554,0.0165991363980544,0.138683230759712
"2026-Q1",2026-05-13,0.145795873349397,0,0.0359603195188705,97.8,2026-03-31,2026-03-29,3,0.05245024840076,0.0145862415411942,0.124299566907587
