"quarter","real_time_vintage_date","real_time_release_round","days_after_quarter_end","gdp_growth_real_time","recession_real_time","ciss_real_time","esi_real_time","ciss_last_date_real_time","esi_last_release_date_real_time","esi_months_available_real_time","training_observations_real_time","training_recessions_real_time","prob_recession_real_time","lower_95_real_time","upper_95_real_time"
"2014-Q3",2014-11-14,1,45,0.161347516532917,0,0.0129784056448137,97.8666666666667,2014-09-30,2014-09-29,3,66,10,0.0218197834428748,0.00137434810598128,0.0849138841180082
"2014-Q4",2015-02-13,1,44,0.339919441124859,0,0.0232098560842145,97.8333333333333,2014-12-31,2014-12-29,3,67,9,0.0310526522310721,0.00256794390142262,0.0971210560797667
"2015-Q1",2015-05-13,1,43,0.400088126752696,0,0.0873537673818193,101.333333333333,2015-03-31,2015-03-29,3,68,10,0.0124366252555201,0.000425309827726223,0.0490420347212261
"2015-Q2",2015-08-14,1,45,0.311294865911771,0,0.120130703562686,103.166666666667,2015-06-30,2015-06-29,3,69,10,0.00882818462962879,0.000277811739637542,0.0388719099221923
"2015-Q3",2015-11-13,1,44,0.297431404824255,0,0.237167245956238,103.666666666667,2015-09-30,2015-09-29,3,70,10,0.014241492643894,0.000519028601063834,0.0584311479566944
"2015-Q4",2016-02-12,1,43,0.266994092463779,0,0.221323201714759,105.033333333333,2015-12-31,2015-12-29,3,71,11,0.0153890037523433,0.000516603718689074,0.0624045358675594
"2016-Q1",2016-04-29,1,29,0.550439179495776,0,0.27328894299173,104.233333333333,2016-03-31,2016-03-29,3,72,11,0.0258896154352288,0.00108495078605476,0.0942411019430861
"2016-Q2",2016-07-29,1,29,0.288880405335501,0,0.210287844889508,104.2,2016-06-30,2016-06-29,3,73,9,0.00816550757881656,0.00027397296159766,0.0367127587199228
"2016-Q3",2016-10-31,1,31,0.340655549385027,0,0.245755884140925,104,2016-09-30,2016-09-29,3,74,9,0.00971582871238246,0.000227720437716735,0.0425647677185787
"2016-Q4",2017-01-31,1,31,0.500806818359889,0,0.165204716101735,106.633333333333,2016-12-30,2016-12-29,3,75,9,0.00379093606258198,4.08833980123191e-05,0.0204999897759202
"2017-Q1",2017-05-03,1,33,0.455026922190727,0,0.0922248121054968,108.5,2017-03-31,2017-03-29,3,76,9,0.00208612052718816,1.28143450364386e-05,0.012387355335793
"2017-Q2",2017-08-01,1,32,0.561155338791841,0,0.0368645976749952,110.333333333333,2017-06-30,2017-06-29,3,77,9,0.00140763957597701,6.54890011058263e-06,0.00872065219143839
"2017-Q3",2017-10-31,1,31,0.584607521374814,0,0.0069620055242479,112.3,2017-09-29,2017-09-29,3,78,9,0.000874856742105719,1.74732255618317e-06,0.00623276533905289
"2017-Q4",2018-01-30,1,30,0.561548325834749,0,0.00476465518677911,114.9,2017-12-29,2017-12-29,3,79,9,0.000438045065416081,7.15065454059966e-07,0.00330391031912104
"2018-Q1",2018-05-02,1,32,0.415132402969198,0,0.0145863623524315,114.1,2018-03-30,2018-03-29,3,80,9,0.000539922688976687,6.20303565225898e-07,0.0037770686063244
"2018-Q2",2018-07-31,1,31,0.345810840661653,0,0.0306091998780336,112.433333333333,2018-06-29,2018-06-29,3,81,9,0.000822167607067388,9.78570497596521e-07,0.0054284747492986
"2018-Q3",2018-10-30,1,30,0.155035219306798,0,0.019197643504814,111.033333333333,2018-09-28,2018-09-29,3,82,10,0.000793705208082253,1.95414839958886e-06,0.0053289113128926
"2018-Q4",2019-01-11,1,11,0.223665793251948,0,0.124687573670441,110.1,2018-12-31,2018-12-29,3,83,9,0.00169621657151715,6.09127917284981e-06,0.0100861962015346
"2019-Q1",2019-04-30,1,30,0.379021793109668,0,0.0959534018788262,106.933333333333,2019-03-29,2019-03-29,3,84,10,0.00301096444636543,3.15224722773298e-05,0.0150564881494444
"2019-Q2",2019-07-31,1,31,0.201955271487564,0,0.0465073686265079,104.7,2019-06-28,2019-06-29,3,85,10,0.00417302457300638,8.64584150650528e-05,0.0196198087642785
"2019-Q3",2019-10-31,1,31,0.187312709607412,0,0.0792486793602793,102.633333333333,2019-09-30,2019-09-29,3,86,9,0.00843515830439099,0.000225809441430759,0.0332943342894229
"2019-Q4",2020-01-31,1,31,0.0936784108774846,0,0.046583504402364,102.8,2019-12-31,2019-12-29,3,87,9,0.00839068033210148,0.000200135673753422,0.0360458857428496
"2020-Q1",2020-04-30,1,30,-3.8263313068439,0,0.196366270620557,101.433333333333,2020-03-31,2020-03-29,3,88,9,0.0147879078356365,0.000976339777120108,0.0555136825982226
"2020-Q2",2020-07-31,1,31,-12.109411715062,1,0.364817182414894,65.1,2020-06-30,2020-06-29,3,89,9,0.993498881116092,0.946573365420134,0.999998852960145
"2020-Q3",2020-10-30,1,30,12.6660574461363,0,0.129628417262068,89.3333333333333,2020-09-30,2020-09-29,3,90,10,0.305481080747864,0.0929795769733415,0.592170521495285
"2020-Q4",2021-02-02,1,33,-0.6975762600686,0,0.0714432832442825,94.7,2020-12-31,2020-12-29,3,91,10,0.0648509915864413,0.0100559872061568,0.175632492312243
"2021-Q1",2021-04-30,1,30,-0.622965997487668,1,0.013114292003486,99.0333333333333,2021-03-31,2021-03-29,3,92,10,0.0174098816014945,0.00119651529009505,0.064502424645944
"2021-Q2",2021-07-30,1,30,2.02472249889989,0,0.0103871337135271,111.366666666667,2021-06-30,2021-06-29,3,93,12,0.00438380332640531,0.000124764720931259,0.0180084589905627
"2021-Q3",2021-10-29,1,29,2.21131984239484,0,0.0100009464953598,118.9,2021-09-30,2021-09-29,3,94,12,0.00129743895474557,1.03542822585747e-05,0.00765089161264443
"2021-Q4",2022-01-31,1,31,0.294475667231042,0,0.0455117277858434,117.733333333333,2021-12-31,2021-12-29,3,95,12,0.0017188048184148,1.5589282919625e-05,0.0100270976179879
"2022-Q1",2022-04-29,1,29,0.189101044030071,0,0.171451493056781,111.866666666667,2022-03-31,2022-03-29,3,96,12,0.00591195341930179,0.000177818209575828,0.0273218411756591
"2022-Q2",2022-07-29,1,29,0.688445751946043,0,0.38421936859953,104.9,2022-06-30,2022-06-29,3,97,11,0.0371811076137953,0.00296969830760222,0.124688743954014
"2022-Q3",2022-10-31,1,31,0.183985314769308,0,0.422048667080799,97.8,2022-09-30,2022-09-29,3,98,11,0.0869880021882378,0.011186424326493,0.252016116976877
"2022-Q4",2023-01-31,1,31,0.118371541953111,0,0.483664635923476,95.5666666666667,2022-12-30,2022-12-29,3,99,11,0.154518920101471,0.0183081928575569,0.413921216397373
"2023-Q1",2023-04-28,1,28,0.0842817863045298,0,0.188023906861624,98.7666666666667,2023-03-31,2023-03-29,3,100,10,0.0242158432220233,0.00304312658887565,0.0719512354991386
"2023-Q2",2023-07-31,1,31,0.270638549048652,0,0.150025812731127,97.1666666666667,2023-06-30,2023-06-29,3,101,10,0.0350295694081357,0.00541748242056685,0.0920573135583246
"2023-Q3",2023-10-31,1,31,-0.0918824974039389,0,0.0818075751277615,94.4,2023-09-29,2023-09-29,3,102,10,0.0653274171010614,0.0109088573990179,0.171558039338458
"2023-Q4",2024-01-30,1,30,0.0305406435469724,0,0.105468745064583,94.8333333333333,2023-12-29,2023-12-29,3,103,10,0.0563107562138516,0.00997566822492376,0.143220170895435
"2024-Q1",2024-04-30,1,30,0.332716560251933,0,0.0418351657339184,95.6666666666667,2024-03-29,2024-03-29,3,104,11,0.0626776441065906,0.0125532486465998,0.171774714778996
"2024-Q2",2024-07-31,1,31,0.258560797349605,0,0.0291323029062761,96.3,2024-06-28,2024-06-29,3,105,10,0.0307501188719864,0.00270001283171929,0.101437703158946
"2024-Q3",2024-10-30,1,30,0.37438320998171,0,0.0863539680323694,96.3333333333333,2024-09-30,2024-09-29,3,106,11,0.0489280912059174,0.0107490616315919,0.121502821585937
"2024-Q4",2025-01-30,1,30,0.0291195333180783,0,0.0418226797089082,95.3666666666667,2024-12-31,2024-12-29,3,107,11,0.0597649672575126,0.0106352089305036,0.150879556368241
"2025-Q1",2025-05-15,1,45,0.329788374059836,0,0.0180870663135409,95.7333333333333,2025-03-31,2025-03-29,3,108,9,0.0536607144551264,0.00919412166459491,0.142711898502333
"2025-Q2",2025-07-30,1,30,0.105334499843912,0,0.0714056076021962,95.0333333333333,2025-06-30,2025-06-29,3,109,10,0.0758198721641399,0.0202360114224223,0.16207775294716
"2025-Q3",2025-10-30,1,30,0.222079001285702,0,0.0266932433822059,95.8666666666667,2025-09-30,2025-09-29,3,110,11,0.0754926194434068,0.0210604754691495,0.17224728052082
"2025-Q4",2026-01-30,1,30,0.334193031029573,0,0.0335761303459994,97.0666666666667,2025-12-31,2025-12-29,3,111,11,0.0598945270837912,0.0163066795100909,0.133339106289647
"2026-Q1",2026-05-13,1,43,0.145795873349397,0,0.0359603195188705,97.8,2026-03-31,2026-03-29,3,112,11,0.0529043639356773,0.0134274098738456,0.117243069467908
